,y_variable,sa,re,lowered_re,ga,lowered_ga,ma,raised_ma,pa,da,lowered_da,ni,lowered_ni,average_pitch,entropy,average_interval,intervallic_entropy,tempo,onset_density,average_ioi,long_long,long_short,short_long,Identical?,short_short,FILENAME,t1_1,t1_1m,t1_1s,t1_2,t1_2m,t1_2s,t1_3,t1_3m,t1_3s,t1_4,t1_4m,t1_4s,t1_5,t1_5m,t1_5s,t1_6,t1_6m,t1_6s,t1_7,t1_7m,t1_7mm,t1_7s,t1m_1,t1m_1m,t1m_1s,t1m_2,t1m_2m,t1m_2s,t1m_3,t1m_3m,t1m_3s,t1m_4,t1m_4m,t1m_4s,t1m_5,t1m_5m,t1m_5s,t1m_6,t1m_6m,t1m_6s,t1m_7,t1m_7m,t1m_7s,t1s_1,t1s_1m,t1s_1s,t1s_2,t1s_2m,t1s_2s,t1s_3,t1s_3m,t1s_3s,t1s_4,t1s_4m,t1s_4s,t1s_5,t1s_5m,t1s_5s,t1s_6,t1s_6m,t1s_6s,t1s_7,t1s_7m,t1s_7s,t2_1,t2_1m,t2_1s,t2_2,t2_2m,t2_2s,t2_3,t2_3m,t2_3s,t2_4,t2_4m,t2_4s,t2_5,t2_5m,t2_5s,t2_6,t2_6m,t2_6s,t2_7,t2_7m,t2_7s,t2m_1,t2m_1m,t2m_1s,t2m_2,t2m_2m,t2m_2s,t2m_3,t2m_3m,t2m_3s,t2m_4,t2m_4m,t2m_4s,t2m_5,t2m_5m,t2m_5s,t2m_6,t2m_6m,t2m_6s,t2m_7,t2m_7m,t2m_7s,t2s_1,t2s_1m,t2s_1s,t2s_2,t2s_2m,t2s_2s,t2s_3,t2s_3m,t2s_3s,t2s_4,t2s_4m,t2s_4s,t2s_5,t2s_5m,t2s_5s,t2s_6,t2s_6m,t2s_6s,t2s_7,t2s_7m,t2s_7s,t3_1,t3_1m,t3_1s,t3_2,t3_2m,t3_2s,t3_3,t3_3m,t3_3s,t3_4,t3_4m,t3_4s,t3_5,t3_5m,t3_5s,t3_6,t3_6m,t3_6s,t3_7,t3_7m,t3_7s,t3m_1,t3m_1m,t3m_1s,t3m_2,t3m_2m,t3m_2s,t3m_3,t3m_3m,t3m_3s,t3m_4,t3m_4m,t3m_4s,t3m_5,t3m_5m,t3m_5s,t3m_6,t3m_6m,t3m_6s,t3m_7,t3m_7m,t3m_7s,t3s_1,t3s_1m,t3s_1s,t3s_2,t3s_2m,t3s_2s,t3s_3,t3s_3m,t3s_3s,t3s_4,t3s_4m,t3s_4s,t3s_5,t3s_5m,t3s_5s,t3s_6,t3s_6m,t3s_6s,t3s_7,t3s_7m,t3s_7s,t4_1,t4_1m,t4_1s,t4_2,t4_2m,t4_2s,t4_3,t4_3m,t4_3s,t4_4,t4_4m,t4_4s,t4_5,t4_5m,t4_5s,t4_6,t4_6m,t4_6s,t4_7,t4_7m,t4_7s,t4m_1,t4m_1m,t4m_1s,t4m_2,t4m_2m,t4m_2s,t4m_3,t4m_3m,t4m_3s,t4m_4,t4m_4m,t4m_4s,t4m_5,t4m_5m,t4m_5s,t4m_6,t4m_6m,t4m_6s,t4m_7,t4m_7m,t4m_7s,t4s_1,t4s_1m,t4s_1s,t4s_2,t4s_2m,t4s_2s,t4s_3,t4s_3m,t4s_3s,t4s_4,t4s_4m,t4s_4s,t4s_5,t4s_5m,t4s_5s,t4s_6,t4s_6m,t4s_6s,t4s_7,t4s_7m,t4s_7s,t5_1,t5_1m,t5_1s,t5_2,t5_2m,t5_2s,t5_3,t5_3m,t5_3s,t5_4,t5_4m,t5_4s,t5_5,t5_5m,t5_5s,t5_6,t5_6m,t5_6s,t5_7,t5_7m,t5_7s,t5m_1,t5m_1m,t5m_1s,t5m_2,t5m_2m,t5m_2s,t5m_3,t5m_3m,t5m_3s,t5m_4,t5m_4m,t5m_4s,t5m_5,t5m_5m,t5m_5s,t5m_6,t5m_6m,t5m_6s,t5m_7,t5m_7m,t5m_7s,t5s_1,t5s_1m,t5s_1s,t5s_2,t5s_2m,t5s_2s,t5s_3,t5s_3m,t5s_3s,t5s_4,t5s_4m,t5s_4s,t5s_5,t5s_5m,t5s_5s,t5s_6,t5s_6m,t5s_6s,t5s_7,t5s_7m,t5s_7s,t6_1,t6_1m,t6_1s,t6_2,t6_2m,t6_2s,t6_3,t6_3m,t6_3s,t6_4,t6_4m,t6_4s,t6_5,t6_5m,t6_5s,t6_6,t6_6m,t6_6s,t6_7,t6_7m,t6_7mm,t6_7s,t6m_1,t6m_1m,t6m_1s,t6m_2,t6m_2m,t6m_2s,t6m_3,t6m_3m,t6m_3s,t6m_4,t6m_4m,t6m_4s,t6m_5,t6m_5m,t6m_5s,t6m_6,t6m_6m,t6m_6s,t6m_7,t6m_7m,t6m_7s,t6s_1,t6s_1m,t6s_1s,t6s_2,t6s_2m,t6s_2s,t6s_3,t6s_3m,t6s_3s,t6s_4,t6s_4m,t6s_4s,t6s_5,t6s_5m,t6s_5s,t6s_6,t6s_6m,t6s_6s,t6s_7,t6s_7m,t6s_7s,t7_1,t7_1m,t7_1s,t7_2,t7_2m,t7_2s,t7_3,t7_3m,t7_3s,t7_4,t7_4m,t7_4s,t7_5,t7_5m,t7_5s,t7_6,t7_6m,t7_6s,t7_7,t7_7m,t7_7s,t7m_1,t7m_1m,t7m_1s,t7m_2,t7m_2m,t7m_2s,t7m_3,t7m_3m,t7m_3s,t7m_4,t7m_4m,t7m_4s,t7m_5,t7m_5m,t7m_5s,t7m_6,t7m_6m,t7m_6s,t7m_7,t7m_7m,t7m_7s,t7mm_6,t7mm_7m,t7s_1,t7s_1m,t7s_1s,t7s_2,t7s_2m,t7s_2s,t7s_3,t7s_3m,t7s_3s,t7s_4,t7s_4m,t7s_4s,t7s_5,t7s_5m,t7s_5s,t7s_6,t7s_6m,t7s_6s,t7s_7,t7s_7m,t7s_7s
Abhogi_D1T1,1170,0.252,0.229,0,0,0.183,0.137,0,0,0.195,0,0,0,66.4327,3.50475,8.00265,3.95533,188.784,2.08219,0.416042,32.28,19.58,19.58,Y,28.57,Abhogi_D1T1.txt.deg.degree,6.024,0,0,6.024,0,0,0,0,0,0,0,0,0,0,0,12.048,0,0,0,0,0,0,0,0,0,0,0,0,0,0,0,0,0,0,0,0,0,0,0,0,0,0,0,0,0,0,0,0,0,0,0,0,0,0,0,0,0,0,0,0,0,0,0,0,6.024,0,0,9.639,0,0,0,2.41,0,2.41,0,0,0,0,0,2.41,0,0,0,0,0,0,0,0,0,0,0,0,0,0,0,0,0,0,0,0,0,0,0,0,0,0,0,0,0,0,0,0,0,0,0,0,0,0,0,0,0,0,0,0,0,0,0,0,0,0,0,0,0,0,0,0,0,0,0,0,0,0,0,0,0,0,0,0,0,0,0,4.819,0,0,0,8.434,0,4.819,0,0,0,0,0,0,0,0,0,0,0,0,0,0,0,0,0,0,0,0,0,0,0,0,0,0,0,0,0,0,0,0,1.205,0,0,0,0,0,0,7.229,0,3.614,0,0,0,0,0,2.41,0,0,0,0,0,0,0,0,0,0,0,0,0,0,0,0,0,0,0,0,0,0,0,0,0,0,0,0,0,0,0,0,0,0,0,0,0,0,0,0,0,0,0,0,0,0,0,0,0,0,0,0,0,0,0,0,0,0,0,0,0,0,0,0,0,0,0,0,0,0,0,0,0,0,0,0,0,0,0,0,0,0,0,0,0,0,0,0,0,0,0,0,0,0,0,0,0,0,0,0,0,0,0,0,0,0,0,0,0,0,10.843,0,0,2.41,0,0,0,0,0,3.614,0,0,0,0,0,3.614,0,0,0,0,0,0,0,0,0,0,0,0,0,0,0,0,0,0,0,0,0,0,0,0,0,0,0,0,0,0,0,0,0,0,0,0,0,0,0,0,0,0,0,0,0,0,0,0,0,0,0,0,0,0,0,0,0,0,0,0,0,0,0,0,0,0,0,0,0,0,0,0,0,0,0,0,0,0,0,0,0,0,0,0,0,0,0,0,0,0,0,0,0,0,0,0,0,0,0,0,0,0,0,0,0,0,0,0,0,0,0,0,0
Adana_D1T2.txt,1320,0.206,0.118,0,0,0.031,0.131,0,0.168,0,0.112,0,0.231,65.83,4.20733,8.61135,4.39106,140.148,3.28953,0.362677,17.3,19.01,19.15,N,44.54,Adana_D1T2.txt.deg.degree,1.923,0,0,6.41,0,0,0,0,0,0.641,0,0,0.641,0,0,0,2.564,0,0,7.692,0,0,0,0,0,0,0,0,0,0,0,0,0,0,0,0,0,0,0,0,0,0,0,0,0,0,0,0,0,0,0,0,0,0,0,0,0,0,0,0,0,0,0,0,4.487,0,0,1.282,0,0,0,0.641,0,1.923,0,0,0,0,0,0,0,0,0,3.205,0,0,0,0,0,0,0,0,0,0,0,0,0,0,0,0,0,0,0,0,0,0,0,0,0,0,0,0,0,0,0,0,0,0,0,0,0,0,0,0,0,0,0,0,0,0,0,0,0,0,0,0,0,0,0,0,0,0,0,0,0,0,0,0,0.641,0,0,0.641,0,0,0,0.641,0,0.641,0,0,0,0,0,0,0,0,0,0,0,0,0,0,0,0,0,0,0,0,0,0,0,0,0,0,0,0,0,0,0,0,0.641,0,0,1.282,0,0,0,0.641,0,0.641,0,0,9.615,0,0,0,0,0,0,0.641,0,0,0,0,0,0,0,0,0,0,0,0,0,0,0,0,0,0,0,0,0,0,0,0,0,0,0,0,0,0,0,0,0,0,0,0,0,0,0,0,0,0,0,4.487,0,0,1.923,0,0,0,0.641,0,5.769,0,0,1.923,0,0,0,0.641,0,0,1.923,0,0,0,0,0,0,0,0,0,0,0,0,0,0,0,0,0,0,0,0,0,0,0,0,0,0,0,0,0,0,0,0,0,0,0,0,0,0,0,0,0,0,0,0,0,0,0,0,0,0,0,0,0,0,0,0,0,0,0,0,0,0,0,0,0,0,0,0,0,0,0,0,0,0,1.282,0,0,0.641,0,0,0,1.923,0,0,7.692,0,0,0,0,0,0,0,0,0,0,0,0,0,0,0,0,0,0,0,0,0,0,0,0,0,0,0,0,0,0,0,0,0,0,0,0,0,0,0,0,0,0,0,8.333,0,0,0,0,0,0,0,0,2.564,0,0,4.487,0,0,0,6.41,0,0,1.923,0,0,0,0,0,0,0,0,0,0,0,0,0,0,0,0,0,0,0,0,0,0,0,0
Ahir_bhairav_D1T3,300,0.07,0,0.091,0.119,0,0.183,0,0.19,0.19,0.007,0,0.147,66.4423,3.8719,8.76881,4.26508,127.212,3.32705,0.485697,25.63,19.41,19.41,Y,35.55,Ahir_bhairav_D1T3.txt.deg.degree,0,0,0,0,1.46,0,0,0,0,0.73,0,0,0,0,0,0.73,0,0,0,2.92,0,0,0,0,0,0,0,0,0,0,0,0,0,0,0,0,0,0,0,0,0,0,0,0,0,0,0,0,0,0,0,0,0,0,0,0,0,0,0,0,0,0,0,0,0,0,0,0,0,0,0,0,0,0,0,0,0,0,0,0,0,0,0,0,0,3.65,0,0,0,2.19,0,1.46,0,0,0,0,0,0,0,0,0,0,0,0,1.46,0,0,0,0,0,0,0,0,0,0,0,0,0,0,0,0,0,0,0,0,0,0,0,0,0,0,2.92,0,0.73,0,0,5.839,0,0,2.19,0,0,0,0,0,0,0,0,0,0,0,0,0,0,0,0,0,0,0,0,0,0,0,0,0,0,0,0,0,0,0,0,0,0,0,0,0,0,0,0,0,0,0,0,0,0,0,0,0,0,0,0,0,0,0,0,8.029,0,0,2.92,0,0,6.569,0,0,0.73,0,0,0,0.73,0,0,0,0,0,0,0,0,0,0,0,0,0,0,0,0,0,0,0,0,0,0,0,0,0,0,0,0,0,0,0,0,0,0,0,0,0,0,0,0,0,0,0,0,0,0,0,0,0,1.46,0,0,5.839,0,0,4.38,0,0,7.299,0,0,0,0.73,0,0,0,0,0,0,0,0,0,0,0,0,0,0,0,0,0,0,0,0,0,0,0,0,0,0,0,0,0,0,0,0,0,0,0,0,0,0,0,0,0,0,0,0.73,0,0,0,0,0,0,0,0,2.19,0,0,5.839,0,0,3.65,0,0,0,7.299,0,0,0,0,0,0,0,0,0,0,0,0,0,0,0,0,0,0,0,0,0,0,0,0,0,0,0,0,0,0,0,0,0,0,0,0,0,0,0,0,0,0,0,0,0,0,0,0,0,0,0,0,0,0,0,0,0,0,0,0,0,0,0,0,0,2.19,0,0,0,2.19,0,0,0,0,0.73,0,0,0.73,0,0,7.299,0,0,0,2.19,0,0,0,0,0,0,0,0,0,0,0,0,0,0,0,0,0,0,0,0,0,0,0,0
Alhaiya_bilaval_D1T4,420,0.16,0.2,0,0.32,0,0.04,0,0.12,0.12,0,0.04,0,71.7692,4.37899,13.7706,4.75461,189.65,2.19268,0.530531,46.79,18.35,18.35,Y,16.51,Alhaiya_bilaval_D1T4.txt.deg.degree,0,0,0,4.762,0,0,0,0,0,0,0,0,0,0,0,4.762,0,0,0,0,0,0,0,0,0,0,0,0,0,0,0,0,0,0,0,0,0,0,0,0,0,0,0,0,0,0,0,0,0,0,0,0,0,0,0,0,0,0,0,0,0,0,0,0,4.762,0,0,0,0,0,14.286,0,0,0,0,0,0,0,0,0,0,0,0,0,0,0,0,0,0,0,0,0,0,0,0,0,0,0,0,0,0,0,0,0,0,0,0,0,0,0,0,0,0,0,0,0,0,0,0,0,0,0,0,0,0,0,0,0,0,0,14.286,0,0,9.524,0,0,0,0,0,9.524,0,0,0,0,0,0,0,0,0,0,0,0,0,0,0,0,0,0,0,0,0,0,0,0,0,0,0,0,0,0,0,0,0,0,0,0,0,0,0,0,0,0,0,0,0,0,0,0,0,0,0,0,0,0,0,0,4.762,0,0,0,0,0,0,0,0,0,0,0,0,0,0,0,0,0,0,0,0,0,0,0,0,0,0,0,0,0,0,0,0,0,0,0,0,0,0,0,0,0,0,0,0,0,0,0,0,0,0,0,0,0,0,0,0,0,0,0,0,0,0,4.762,0,0,4.762,0,0,0,0,0,4.762,0,0,0,0,0,0,0,0,0,0,0,0,0,0,0,0,0,0,0,0,0,0,0,0,0,0,0,0,0,0,0,0,0,0,0,0,0,0,0,0,0,0,0,0,0,0,0,0,0,0,0,0,0,0,0,0,0,0,0,4.762,0,0,4.762,0,0,4.762,0,0,0,0,0,0,0,0,0,0,0,0,0,0,0,0,0,0,0,0,0,0,0,0,0,0,0,0,0,0,0,0,0,0,0,0,0,0,0,0,0,0,0,0,0,4.762,0,0,0,0,0,0,0,0,0,0,0,0,0,0,0,0,0,0,0,0,0,0,0,0,0,0,0,0,0,0,0,0,0,0,0,0,0,0,0,0,0,0,0,0,0,0,0,0,0,0,0,0,0,0,0,0,0,0,0,0,0,0,0,0
Asavari_D1T5,315,0.172,0,0.126,0,0.08,0.091,0,0.126,0,0.218,0,0.183,69.2377,4.1856,7.17972,4.04286,127.999,1.85243,0.578267,52.38,16.59,16.59,Y,14.44,Asavari_D1T5.txt.deg.degree,2.439,0,0,0,4.878,0,0,0,0,1.22,0,0,0,0,0,0,0,0,0,7.317,0,0,0,0,0,0,0,0,0,0,0,0,0,0,0,0,0,0,0,0,0,0,0,0,0,0,0,0,0,0,0,0,0,0,0,0,0,0,0,0,0,0,0,0,0,0,0,0,0,0,0,0,0,0,0,0,0,0,0,0,0,0,0,0,0,6.098,0,0,0,3.659,0,0,0,0,2.439,0,0,0,0,0,0,0,0,0,0,0,0,0,0,0,0,0,0,0,0,0,0,0,0,0,0,0,0,0,0,0,0,0,0,0,0,0,0,0,0,0,0,0,0,0,0,0,0,0,0,0,0,0,0,0,0,0,2.439,0,0,4.878,0,0,0,0,0,0,0,0,0,0,0,0,0,0,0,0,0,0,0,0,0,0,0,0,0,0,0,0,0,0,0,0,0,0,0,0,0,0,0,0,0,2.439,0,0,0,0,7.317,0,0,0,0,0,0,0,0,0,0,0,0,0,0,0,0,0,0,0,0,0,0,0,0,0,0,0,0,0,0,0,0,0,0,0,0,0,0,0,0,0,0,0,0,0,0,0,0,0,0,0,0,0,0,1.22,0,0,0,0,1.22,0,0,3.659,0,0,0,1.22,0,0,6.098,0,0,0,0,0,0,0,0,0,0,0,0,0,0,0,0,0,0,0,0,0,0,0,0,0,0,0,0,0,0,0,0,0,0,0,0,0,0,0,0,0,0,0,0,0,0,0,0,0,0,0,0,0,0,0,0,0,0,0,0,0,0,0,0,0,2.439,0,0,0,0,0,0,0,0,4.878,0,0,2.439,0,0,0,9.756,0,0,2.439,0,0,0,0,0,0,0,0,0,0,0,0,0,0,0,0,0,0,0,0,0,0,0,0,0,0,0,0,0,0,0,0,0,0,0,0,0,0,0,0,0,0,0,4.878,0,0,0,0,0,0,0,0,0,0,0,0,0,0,0,10.976,0,0,3.659,0,0,0,0,0,0,0,0,0,0,0,0,0,0,0,0,0,0,0,0,0,0,0,0
Bageshri_D1T6,1200,0.169,0.103,0,0,0.178,0.15,0,0.046,0.183,0,0,0.169,65.8167,3.89376,9.62783,4.17576,166.039,3.20792,0.549791,30.7,16.78,16.78,Y,35.74,Bageshri_D1T6.txt.deg.degree,2.885,0,0,2.404,0,0,0,1.923,0,2.404,0,0,0,0,0,1.442,0,0,0,5.288,0,0,0,0,0,0,0,0,0,0,0,0,0,0,0,0,0,0,0,0,0,0,0,0,0,0,0,0,0,0,0,0,0,0,0,0,0,0,0,0,0,0,0,0,4.808,0,0,2.885,0,0,0,1.442,0,0,0,0,0,0,0,0.481,0,0,0,0.481,0,0,0,0,0,0,0,0,0,0,0,0,0,0,0,0,0,0,0,0,0,0,0,0,0,0,0,0,0,0,0,0,0,0,0,0,0,0,0,0,0,0,0,0,0,0,0,0,0,0,0,0,0,0,0,0,0,0,0,0,0,0,0,0,2.404,0,0,4.327,0,0,0,7.212,0,3.365,0,0,0,0,0,0.481,0,0,0,0,0,0,0,0,0,0,0,0,0,0,0,0,0,0,0,0,0,0,0,0,0,0,0,0,0,0,0,0,0,5.288,0,3.365,0,0,1.442,0,0,2.885,0,0,0,1.923,0,0,0,0,0,0,0,0,0,0,0,0,0,0,0,0,0,0,0,0,0,0,0,0,0,0,0,0,0,0,0,0,0,0,0,0,0,0,0,0,0,0,0,0,0,0,0,0,0,0,0,0,2.404,0,0,0.962,0,0,0.962,0,0,0,0.481,0,0,0,0,0,0,0,0,0,0,0,0,0,0,0,0,0,0,0,0,0,0,0,0,0,0,0,0,0,0,0,0,0,0,0,0,0,0,0,0,0,0,0,1.442,0,0,0,0,0,0,1.923,0,2.885,0,0,1.442,0,0,5.769,0,0,0,5.288,0,0,0,0,0,0,0,0,0,0,0,0,0,0,0,0,0,0,0,0,0,0,0,0,0,0,0,0,0,0,0,0,0,0,0,0,0,0,0,0,0,0,0,0,0,0,0,0,0,0,0,0,0,0,0,0,0,0,0,0,0,0,0,0,0,4.808,0,0,0.481,0,0,0,0,0,0.481,0,0,0.962,0,0,6.731,0,0,0,3.846,0,0,0,0,0,0,0,0,0,0,0,0,0,0,0,0,0,0,0,0,0,0,0,0
Bahar_D1T7,1185,0.175,0.072,0,0,0.185,0.185,0,0.134,0.061,0,0.051,0.134,67.2927,3.71006,8.29193,4.06958,168.064,3.39844,0.438473,26.65,22.08,22.08,Y,29.19,Bahar_D1T7.txt.deg.degree,1.075,0,0,2.151,0,0,0,2.151,0,2.151,0,0,0,0,0,0,0,0,2.151,6.452,0,0,0,0,0,0,0,0,0,0,0,0,0,0,0,0,0,0,0,0,0,0,0,0,0,0,0,0,0,0,0,0,0,0,0,0,0,0,0,0,0,0,0,0,4.301,0,0,1.075,0,0,0,1.075,0,0,0,0,0,0,0,0,0,0,0,0,0,0,0,0,0,0,0,0,0,0,0,0,0,0,0,0,0,0,0,0,0,0,0,0,0,0,0,0,0,0,0,0,0,0,0,0,0,0,0,0,0,0,0,0,0,0,0,0,0,0,0,0,0,0,0,0,0,0,0,0,0,0,0,0,2.151,0,0,2.151,0,0,0,2.151,0,10.753,0,0,0,0,0,0,0,0,0,1.075,0,0,0,0,0,0,0,0,0,0,0,0,0,0,0,0,0,0,0,0,0,0,0,0,0,1.075,0,0,0,11.828,0,1.075,0,0,1.075,0,0,0,0,0,0,4.301,0,0,0,0,0,0,0,0,0,0,0,0,0,0,0,0,0,0,0,0,0,0,0,0,0,0,0,0,0,0,0,0,0,0,0,0,0,0,0,0,0,0,0,0,0,0,0,0,0,0,0,0,5.376,0,0,8.602,0,0,0,0,0,0,0,0,0,0,0,0,0,0,0,0,0,0,0,0,0,0,0,0,0,0,0,0,0,0,0,0,0,0,0,0,0,0,0,0,0,0,0,0,0,0,0,0,0,0,1.075,0,0,0,0,0,0,0,0,0,0,0,0,0,0,1.075,0,0,3.226,1.075,0,0,0,0,0,0,0,0,0,0,0,0,0,0,0,0,0,0,0,0,0,0,0,0,0,0,0,0,0,0,0,0,0,0,0,0,0,0,0,0,0,0,0,0,5.376,0,0,0,0,0,0,0,0,0,0,0,0,0,0,0,0,0,0,0,0,2.151,0,0,0,0,0,0,1.075,0,0,0,0,4.301,0,0,5.376,0,0,0,1.075,0,0,0,0,0,0,0,0,0,0,0,0,0,0,0,0,0,0,0,0,0,0,0,0
Bhairav_D1T9,225,0.212,0,0.136,0.159,0,0.181,0,0.121,0,0.136,0.053,0,68.1228,3.63214,8.74615,4.03054,134.233,2.03143,0.546027,34.04,21.73,21.73,Y,22.5,Bhairav_D1T9.txt.deg.degree,8.661,0,0,0,3.15,0,1.575,0,0,1.575,0,0,0,0,0,0,1.575,0,3.937,0,0,0,0,0,0,0,0,0,0,0,0,0,0,0,0,0,0,0,0,0,0,0,0,0,0,0,0,0,0,0,0,0,0,0,0,0,0,0,0,0,0,0,0,0,0,0,0,0,0,0,0,0,0,0,0,0,0,0,0,0,0,0,0,0,0,5.512,0,0,0,3.937,0,3.937,0,0,0,0,0,0,0,0,0,0,0,0,0,0,0,0,0,0,0,0,0,0,0,0,0,0,0,0,0,0,0,0,0,0,0,2.362,0,0,0,3.937,0,2.362,0,0,6.299,0,0,0.787,0,0,0,0,0,0,0,0,0,0,0,0,0,0,0,0,0,0,0,0,0,0,0,0,0,0,0,0,0,0,0,0,0,0,0,0,0,0,0,0,0,0,0,0,0,0,0,0,0,0,0,0,0,0,0.787,0,6.299,0,0,3.15,0,0,7.874,0,0,0,0.787,0,0,0,0,0,0,0,0,0,0,0,0,0,0,0,0,0,0,0,0,0,0,0,0,0,0,0,0,0,0,0,0,0,0,0,0,0,0,0,0,0,0,0,0,0,0,0,0,0,0,0,0,1.575,0,0,5.512,0,0,0.787,0,0,0,4.724,0,0,0,0,0,0,0,0,0,0,0,0,0,0,0,0,0,0,0,0,0,0,0,0,0,0,0,0,0,0,0,0,0,0,0,0,0,0,0,0,0,0,0,0,0,0,0,0,0,0,0,0,0,0,0,0,0,0,0,0,0,0,0,0,0,0,0,0,2.362,0,0,0,0,0,0,0,0,2.362,0,0,3.15,0,0,0,4.724,0,0.787,0,0,0,0,0,0,0,0,0,0,0,0,0,0,0,0,0,0,0,0,0,0,0,1.575,0,0,0,1.575,0,0,0,0,0,0,0,0,0,0,0,1.575,0,0.787,0,0,0,0,0,0,0,0,0,0,0,0,0,0,0,0,0,0,0,0,0,0,0,0,0,0,0,0,0,0,0,0,0,0,0,0,0,0,0,0,0,0,0,0,0,0
Bhairavi_D1T10,420,0.219,0.034,0.089,0,0.184,0.082,0,0.171,0,0.102,0.013,0.102,66.8381,3.70406,9.94775,4.0832,124.155,2.39356,0.368993,19.28,18.92,18.92,Y,42.88,Bhairavi_D1T10.txt.deg.degree,5.674,0,0,1.418,2.837,0,0,6.383,0,0,0,0,0.709,0,0,0,0,0,0.709,3.546,0,0,0,0,0,0,0,0,0,0,0,0,0,0,0,0,0,0,0,0,0,0,0,0,0,0,0,0,0,0,0,0,0,0,0,0,0,0,0,0,0,0,0,0,1.418,0,0,0,0,0,0,1.418,0,0,0,0,0,0,0,0,0,0,0,0.709,0,4.965,0,0,0,0.709,0,0,1.418,0,0,0,0,0,0,0,0,0,0,0.709,0.709,0,0,0,0,0,0,0,0,0,0,0,0,0,0,0,0,0,0,0,0,0,0,0,0,0,0,0,0,0,0,0,0,0,0,0,0,0,0,0,0,0,0,0,2.837,0,0,2.128,3.546,0,0,3.546,0,3.546,0,0,2.128,0,0,0,0,0,0,0.709,0,0,0,0,0,0,0,0,0,0,0,0,0,0,0,0,0,0,0,0,0,0,0,0,0,0,0.709,0,0,2.128,0,0.709,0,0,4.255,0,0,0,0,0,0,0.709,0,0,0,0,0,0,0,0,0,0,0,0,0,0,0,0,0,0,0,0,0,0,0,0,0,0,0,0,0,0,0,0,0,0,0,0,0,0,0,0,0,0,0,0,0,0,0,0,0,0,2.128,0,3.546,0,0,3.546,0,0,0,6.383,0,0,2.128,0,0,0,0,0,0,0,0,0,0,0,0,0,0,0,0,0,0,0,0,0,0,0,0,0,0,0,0,0,0,0,0,0,0,0,0,0,0,0,0,0,0,0,0,0,0,0,0,0,0,0,0,0,0,0,0,0,0,0,0,0,0,0,0,0,2.837,0,0,0,0,0,0,0,0,0.709,0,0,5.674,0,0,0,0,0,0,0.709,0,0,0,0,0,0,0,0,0,0,0,0,0,0,0,0,0,0,0,0,0,0,0,0,0,0,0.709,0,0,0.709,0,0,0,0,0,0,0,0,0,0,0,0,0,3.546,0,0,0,0,0,0,0.709,0,0,0,0,1.418,0,0,0,3.546,0,0,1.418,0,0,0,0,0,0,0,0,0,0,0,0,0,0,0,0,0,0,0,0,0,0,0,0
Bhatiyar_D1T11,60,0.13,0,0.057,0.115,0,0.188,0,0.173,0.217,0,0.115,0,71.4376,4.44552,13.6577,4.84125,127.604,2.07868,0.526987,48.85,19.04,19.04,Y,13.08,Bhatiyar_D1T11.txt.deg.degree,4.688,0,0,0,1.563,0,0,0,0,3.125,0,0,0,0,0,0,0,0,1.563,0,0,0,0,0,0,0,0,0,0,0,0,0,0,0,0,0,0,0,0,0,0,0,0,0,0,0,0,0,0,0,0,0,0,0,0,0,0,0,0,0,0,0,0,0,0,0,0,0,0,0,0,0,0,0,0,0,0,0,0,0,0,0,0,0,0,1.563,0,0,0,1.563,0,0,0,0,0,0,0,0,0,0,0,0,0,1.563,0,0,0,0,0,0,0,0,0,0,0,0,0,0,0,0,0,0,0,0,0,0,0,1.563,0,0,0,1.563,0,1.563,0,0,1.563,0,0,4.688,0,0,0,0,0,0,0,0,0,0,0,0,0,0,0,0,0,0,0,0,0,0,0,0,0,0,0,0,0,0,0,0,0,0,0,0,0,0,0,0,0,0,0,0,0,0,0,0,0,0,0,0,0,0,0,0,4.688,0,0,7.813,0,0,1.563,0,0,4.688,0,0,1.563,0,0,0,0,0,0,0,0,0,0,0,0,0,0,0,0,0,0,0,0,0,0,0,0,0,0,0,0,0,0,0,0,0,0,0,0,0,0,0,0,0,0,0,0,0,0,0,0,0,0,4.688,0,0,7.813,0,0,1.563,0,0,4.688,0,0,0,0,0,0,0,0,0,0,0,0,0,0,0,0,0,0,0,0,0,0,0,0,0,0,0,0,0,0,0,0,0,0,0,0,0,0,0,0,0,0,0,0,0,0,0,1.563,0,0,0,0,0,0,0,0,0,0,0,10.938,0,0,6.25,0,0,3.125,0,0,0,0,0,0,0,0,0,0,0,0,0,0,0,0,0,0,0,0,0,0,0,0,0,0,0,0,0,0,0,0,0,0,0,0,0,0,0,0,0,0,0,0,0,1.563,0,0,0,0,0,0,0,0,0,0,0,0,0,0,6.25,0,0,4.688,0,0,0,0,0,0,0,0,0,0,0,0,0,0,0,0,0,0,0,0,0,0,0,0,0,0,0,0,0,0,0,0,0,0,0,0,0,0,0,0,0,0,0,0,0,0
Bhimpalasi_D1T12,645,0.166,0.071,0,0,0.214,0.261,0,0.19,0.023,0,0,0.071,70.8709,4.32932,12.4262,4.65671,187.926,2.48385,0.466691,54.46,17.67,17.67,Y,10.2,Bhimpalasi_D1T12.txt.deg.degree,0,0,0,0,0,0,0,2.632,0,2.632,0,0,0,0,0,0,0,0,0,7.895,0,0,0,0,0,0,0,0,0,0,0,0,0,0,0,0,0,0,0,0,0,0,0,0,0,0,0,0,0,0,0,0,0,0,0,0,0,0,0,0,0,0,0,0,2.632,0,0,2.632,0,0,0,0,0,0,0,0,0,0,0,0,0,0,0,0,0,0,0,0,0,0,0,0,0,0,0,0,0,0,0,0,0,0,0,0,0,0,0,0,0,0,0,0,0,0,0,0,0,0,0,0,0,0,0,0,0,0,0,0,0,0,0,0,0,0,0,0,0,0,0,0,0,0,0,0,0,0,0,0,0,0,0,2.632,0,0,0,2.632,0,13.158,0,0,2.632,0,0,0,0,0,0,0,0,0,0,0,0,0,0,0,0,0,0,0,0,0,0,0,0,0,0,0,0,0,2.632,0,0,0,0,0,0,13.158,0,0,0,0,13.158,0,0,0,0,0,0,0,0,0,0,0,0,0,0,0,0,0,0,0,0,0,0,0,0,0,0,0,0,0,0,0,0,0,0,0,0,0,0,0,0,0,0,0,0,0,0,0,0,0,0,5.263,0,0,0,0,0,0,2.632,0,13.158,0,0,0,0,0,0,0,0,0,0,0,0,0,0,0,0,0,0,0,0,0,0,0,0,0,0,0,0,0,0,0,0,0,0,0,0,0,0,0,0,0,0,0,0,0,0,0,0,0,0,0,0,0,0,0,0,0,0,0,0,0,0,0,0,0,2.632,0,0,0,0,0,0,0,0,0,0,0,0,0,0,0,0,0,0,0,0,0,0,0,0,0,0,0,0,0,0,0,0,0,0,0,0,0,0,0,0,0,0,0,0,0,0,0,0,0,0,0,0,0,0,0,0,0,0,0,0,0,0,0,0,0,0,0,0,0,0,0,0,2.632,0,0,0,0,0,0,0,0,0,0,0,2.632,0,0,2.632,0,0,0,0,0,0,0,0,0,0,0,0,0,0,0,0,0,0,0,0,0,0,0,0,0,0,0,0
Bhupal_todi_D1T13,270,0.28,0,0.235,0,0.191,0.011,0,0.123,0,0.157,0,0,66.1775,3.6928,9.10025,4.04972,143.555,1.81967,0.5563,32.58,20.8,20.8,Y,25.81,Bhupal_todi_D1T13.txt.deg.degree,8.333,0,0,0,7.143,0,0,5.952,0,0,0,0,1.19,0,0,0,4.762,0,0,0,0,0,0,0,0,0,0,0,0,0,0,0,0,0,0,0,0,0,0,0,0,0,0,0,0,0,0,0,0,0,0,0,0,0,0,0,0,0,0,0,0,0,0,0,0,0,0,0,0,0,0,0,0,0,0,0,0,0,0,0,0,0,0,0,0,10.714,0,0,0,7.143,0,0,5.952,0,0,0,0,0,0,0,0,0,0,0,0,0,0,0,0,0,0,0,0,0,0,0,0,0,0,0,0,0,0,0,0,0,0,0,0,0,0,0,0,0,0,0,0,0,0,0,0,0,0,0,0,0,0,0,2.381,0,0,0,9.524,0,0,1.19,0,0,0,0,5.952,0,0,0,0,0,0,0,0,0,0,0,0,0,0,0,0,0,0,0,0,0,0,0,0,0,0,0,0,0,0,0,0,0,0,0,0,0,0,0,0,0,1.19,0,0,0,0,0,0,0,0,0,0,0,0,0,0,0,0,0,0,0,0,0,0,0,0,0,0,0,0,0,0,0,0,0,0,0,0,0,0,0,0,0,0,0,0,0,0,0,0,0,0,0,0,0,0,0,0,0,5.952,0,1.19,0,0,0,0,0,0,5.952,0,0,0,0,0,0,0,0,0,0,0,0,0,0,0,0,0,0,0,0,0,0,0,0,0,0,0,0,0,0,0,0,0,0,0,0,0,0,0,0,0,0,0,0,0,0,0,0,0,0,0,0,0,0,0,0,0,0,0,0,0,0,0,0,0,0,0,0,5.952,0,0,0,0,0,0,0,0,0,0,0,4.762,0,0,0,4.762,0,0,0,0,0,0,0,0,0,0,0,0,0,0,0,0,0,0,0,0,0,0,0,0,0,0,0,0,0,0,0,0,0,0,0,0,0,0,0,0,0,0,0,0,0,0,0,0,0,0,0,0,0,0,0,0,0,0,0,0,0,0,0,0,0,0,0,0,0,0,0,0,0,0,0,0,0,0,0,0,0,0,0,0,0,0,0,0,0,0
Bhupali_D1T14,1095,0.235,0.2,0,0.211,0,0,0,0.188,0.164,0,0,0,67.5103,3.47171,8.69037,3.78144,129.604,2.03616,0.531213,21.1,21.33,21.33,Y,36.24,Bhupali_D1T14.txt.deg.degree,2.469,0,0,4.938,0,0,1.235,0,0,0,0,0,2.469,0,0,11.111,0,0,0,0,0,0,0,0,0,0,0,0,0,0,0,0,0,0,0,0,0,0,0,0,0,0,0,0,0,0,0,0,0,0,0,0,0,0,0,0,0,0,0,0,0,0,0,0,6.173,0,0,4.938,0,0,7.407,0,0,0,0,0,0,0,0,1.235,0,0,0,0,0,0,0,0,0,0,0,0,0,0,0,0,0,0,0,0,0,0,0,0,0,0,0,0,0,0,0,0,0,0,0,0,0,0,0,0,0,0,0,0,0,0,0,1.235,0,0,7.407,0,0,4.938,0,0,0,0,0,7.407,0,0,0,0,0,0,0,0,0,0,0,0,0,0,0,0,0,0,0,0,0,0,0,0,0,0,0,0,0,0,0,0,0,0,0,0,0,0,0,0,0,0,0,0,0,0,0,0,0,0,0,0,0,0,0,0,0,0,0,0,0,0,0,0,0,0,0,0,0,0,0,0,0,0,0,0,0,0,0,0,0,0,0,0,0,0,0,0,0,0,0,0,0,0,0,0,0,0,0,0,0,0,0,0,0,0,0,0,0,0,0,0,0,3.704,0,0,1.235,0,0,7.407,0,0,0,0,0,3.704,0,0,3.704,0,0,0,0,0,0,0,0,0,0,0,0,0,0,0,0,0,0,0,0,0,0,0,0,0,0,0,0,0,0,0,0,0,0,0,0,0,0,0,0,0,0,0,0,0,0,0,8.642,0,0,1.235,0,0,0,0,0,0,0,0,6.173,0,0,1.235,0,0,0,0,0,0,0,0,0,0,0,0,0,0,0,0,0,0,0,0,0,0,0,0,0,0,0,0,0,0,0,0,0,0,0,0,0,0,0,0,0,0,0,0,0,0,0,0,0,0,0,0,0,0,0,0,0,0,0,0,0,0,0,0,0,0,0,0,0,0,0,0,0,0,0,0,0,0,0,0,0,0,0,0,0,0,0,0,0,0,0,0,0,0,0,0,0,0,0,0,0,0,0,0,0,0,0,0,0,0,0,0,0
Bibhas_D1T15,255,0.22,0,0.152,0.271,0,0,0,0.169,0,0.186,0,0,62.7707,4.3441,10.5405,4.62476,128.797,2.16978,0.429241,15.54,21.79,21.79,Y,40.88,Bibhas_D1T15.txt.deg.degree,3.704,0,0,0,7.407,0,1.852,0,0,0,0,0,0,0,0,0,7.407,0,0,0,0,0,0,0,0,0,0,0,0,0,0,0,0,0,0,0,0,0,0,0,0,0,0,0,0,0,0,0,0,0,0,0,0,0,0,0,0,0,0,0,0,0,0,0,0,0,0,0,0,0,0,0,0,0,0,0,0,0,0,0,0,0,0,0,0,5.556,0,0,0,0,0,9.259,0,0,0,0,0,0,0,0,0,0,0,0,0,0,0,0,0,0,0,0,0,0,0,0,0,0,0,0,0,0,0,0,0,0,0,1.852,0,0,0,7.407,0,5.556,0,0,0,0,0,11.111,0,0,0,1.852,0,0,0,0,0,0,0,0,0,0,0,0,0,0,0,0,0,0,0,0,0,0,0,0,0,0,0,0,0,0,0,0,0,0,0,0,0,0,0,0,0,0,0,0,0,0,0,0,0,0,0,0,0,0,0,0,0,0,0,0,0,0,0,0,0,0,0,0,0,0,0,0,0,0,0,0,0,0,0,0,0,0,0,0,0,0,0,0,0,0,0,0,0,0,0,0,0,0,0,0,0,0,0,0,0,0,0,0,0,0,0,0,0,0,0,9.259,0,0,0,0,0,3.704,0,0,0,5.556,0,0,0,0,0,0,0,0,0,0,0,0,0,0,0,0,0,0,0,0,0,0,0,0,0,0,0,0,0,0,0,0,0,0,0,0,0,0,0,0,0,0,0,0,0,0,0,0,0,0,0,0,0,0,0,0,0,0,0,0,0,0,0,0,0,0,0,0,9.259,0,0,0,0,0,1.852,0,0,0,0,0,3.704,0,0,0,3.704,0,0,0,0,0,0,0,0,0,0,0,0,0,0,0,0,0,0,0,0,0,0,0,0,0,0,0,0,0,0,0,0,0,0,0,0,0,0,0,0,0,0,0,0,0,0,0,0,0,0,0,0,0,0,0,0,0,0,0,0,0,0,0,0,0,0,0,0,0,0,0,0,0,0,0,0,0,0,0,0,0,0,0,0,0,0,0,0,0,0
Bihag_D1T16,1200,0.156,0.056,0,0.2,0,0.168,0,0.231,0.018,0,0.168,0,65.8523,3.88789,8.92665,4.26105,175.232,3.23767,0.433187,23.59,18.83,18.83,Y,38.75,Bihag_D1T16.txt.deg.degree,1.282,0,0,0,0,0,3.205,0,0,0.641,0,0,1.923,0,0,0,0,0,7.692,0,0,0,0,0,0,0,0,0,0,0,0,0,0,0,0,0,0,0,0,0,0,0,0,0,0,0,0,0,0,0,0,0,0,0,0,0,0,0,0,0,0,0,0,0,5.128,0,0,0,0,0,0,0,0,0,0,0,0,0,0,0,0,0,0,0,0,0,0,0,0,0,0,0,0,0,0,0,0,0,0,0,0,0,0,0,0,0,0,0,0,0,0,0,0,0,0,0,0,0,0,0,0,0,0,0,0,0,0,1.282,0,0,4.487,0,0,2.564,0,0,7.051,0,0,4.487,0,0,0,0,0,0,0,0,0,0,0,0,0,0,0,0,0,0,0,0,0,0,0,0,0,0,0,0,0,0,0,0,0,0,0,0,0,0,0,0,0,0,0,0,0,0,0,0,0,0,0,0,0,0,0,0,10.897,0,0,2.564,0,0,3.205,0,0,0.641,0,0,0,0,0,0,0,0,0,0,0,0,0,0,0,0,0,0,0,0,0,0,0,0,0,0,0,0,0,0,0,0,0,0,0,0,0,0,0,0,0,0,0,0,0,0,0,1.282,0,0,0,0,0,1.923,0,0,5.769,0,0,7.692,0,0,0,0,0,7.051,0,0,0,0,0,0,0,0,0,0,0,0,0,0,0,0,0,0,0,0,0,0,0,0,0,0,0,0,0,0,0,0,0,0,0,0,0,0,0,0,0,0,0,0,0,0,0,0,0,0,0,0,0,0,0,0,1.923,0,0,0,0,0,0,0,0,0,0,0,0,0,0,0,0,0,0,0,0,0,0,0,0,0,0,0,0,0,0,0,0,0,0,0,0,0,0,0,0,0,0,0,0,0,0,0,0,0,0,0,6.41,0,0,0.641,0,0,1.282,0,0,1.282,0,0,4.487,0,0,1.282,0,0,1.923,0,0,0,0,0,0,0,0,0,0,0,0,0,0,0,0,0,0,0,0,0,0,0,0,0,0,0,0,0,0,0,0,0,0,0,0,0,0,0,0,0,0,0,0,0,0
Bilaskhani_todi_D1T17,345,0.203,0,0.203,0,0.194,0.048,0,0.077,0,0.155,0,0.116,65.5706,4.17954,9.5121,4.38712,134.67,2.10881,0.482026,36.31,20.67,20.67,Y,22.35,Bilaskhani_todi_D1T17.txt.deg.degree,7.143,0,0,0,4.082,0,0,1.02,0,0,0,0,0,0,0,0,1.02,0,0,6.122,0,0,0,0,0,0,0,0,0,0,0,0,0,0,0,0,0,0,0,0,0,0,0,0,0,0,0,0,0,0,0,0,0,0,0,0,0,0,0,0,0,0,0,0,0,0,0,0,0,0,0,0,0,0,0,0,0,0,0,0,0,0,0,0,0,3.061,0,0,0,7.143,0,0,8.163,0,1.02,0,0,0,0,0,0,0,0,0,1.02,0,0,0,0,0,0,0,0,0,0,0,0,0,0,0,0,0,0,0,0,0,0,0,0,0,0,0,0,0,0,0,0,0,0,0,0,0,0,0,0,0,0,0,1.02,0,0,0,9.184,0,0,2.041,0,0,0,0,7.143,0,0,0,0,0,0,0,0,0,0,0,0,0,0,0,0,0,0,0,0,0,0,0,0,0,0,0,0,0,0,0,0,0,0,0,0,5.102,0,0,0,0,0,0,0,0,0,0,0,0,0,0,0,0,0,0,0,0,0,0,0,0,0,0,0,0,0,0,0,0,0,0,0,0,0,0,0,0,0,0,0,0,0,0,0,0,0,0,0,0,0,0,0,0,0,0,0,0,0,0,2.041,0,1.02,0,0,0,0,0,0,1.02,0,0,4.082,0,0,0,0,0,0,0,0,0,0,0,0,0,0,0,0,0,0,0,0,0,0,0,0,0,0,0,0,0,0,0,0,0,0,0,0,0,0,0,0,0,0,0,0,0,0,0,0,0,0,0,0,0,0,0,0,0,0,0,0,0,0,0,0,0,6.122,0,0,0,0,0,0,0,0,3.061,0,0,1.02,0,0,0,4.082,0,0,1.02,0,0,0,0,0,0,0,0,0,0,0,0,0,0,0,0,0,0,0,0,0,0,0,0,0,0,0,0,0,0,0,0,0,0,0,0,0,0,0,0,0,0,0,2.041,0,0,0,0,0,0,1.02,0,0,0,0,0,0,0,0,9.184,0,0,0,0,0,0,0,0,0,0,0,0,0,0,0,0,0,0,0,0,0,0,0,0,0,0,0
Brindabani_sarang_D1T18,540,0.169,0.223,0,0.007,0,0.161,0,0.192,0,0,0.246,0,66.7998,3.60656,7.92077,4.07493,127.604,3.36096,0.399809,33.15,20.31,20.31,Y,26.23,Brindabani_sarang_D1T18.txt.deg.degree,3.968,0,0,4.762,0,0,0,0,0,1.587,0,0,1.587,0,0,0,0,0,3.968,0,0,0,0,0,0,0,0,0,0,0,0,0,0,0,0,0,0,0,0,0,0,0,0,0,0,0,0,0,0,0,0,0,0,0,0,0,0,0,0,0,0,0,0,0,3.968,0,0,5.556,0,0,0,0,0,8.73,0,0,0.794,0,0,0,0,0,3.175,0,0,0,0,0,0,0,0,0,0,0,0,0,0,0,0,0,0,0,0,0,0,0,0,0,0,0,0,0,0,0,0,0,0,0,0,0,0,0,0,0,0,0,0,0,0,0,0,0,0,0,0,0,0,0,0,0,0,0,0,0,0,0,0,0,0,0,0,0,0,0,0,0,0,0,0,0,0,0,0,0,0,0,0,0,0,0,0,0,0,0,0,0,0,0,0,0,0,0,0,0,0,0,0,0,0,0,0,0,0,11.111,0,0,0,0,0,0,0,0,5.556,0,0,0,0,0,0,0,0,0,0,0,0,0,0,0,0,0,0,0,0,0,0,0,0,0,0,0,0,0,0,0,0,0,0,0,0,0,0,0,0,0,0,0,0,0,0,0,0,0,0,0.794,0,0,0,0,0,0,0,0,6.349,0,0,2.381,0,0,0,0,0,10.317,0,0,0,0,0,0,0,0,0,0,0,0,0,0,0,0,0,0,0,0,0,0,0,0,0,0,0,0,0,0,0,0,0,0,0,0,0,0,0,0,0,0,0,0,0,0,0,0,0,0,0,0,0,0,0,0,0,0,0,0,0,0,0,0,0,0,0,0,0,0,0,0,0,0,0,0,0,0,0,0,0,0,0,0,0,0,0,0,0,0,0,0,0,0,0,0,0,0,0,0,0,0,0,0,0,0,0,0,7.143,0,0,0.794,0,0,0,0,0,0,0,0,9.524,0,0,0,0,0,7.937,0,0,0,0,0,0,0,0,0,0,0,0,0,0,0,0,0,0,0,0,0,0,0,0,0,0,0,0,0,0,0,0,0,0,0,0,0,0,0,0,0,0,0,0,0,0
Chandrakauns_D2T1,1230,0.197,0.01,0,0,0.166,0.208,0,0,0,0.197,0.218,0,62.7373,4.06392,10.1426,4.36386,126.821,2.15983,0.528932,28.18,18.68,18.85,N,34.3,Chandrakauns_D2T1.txt.deg.degree,3.261,0,0,0,0,0,0,3.261,0,4.348,0,0,0,0,0,0,0,0,7.609,0,0,0,0,0,0,0,0,0,0,0,0,0,0,0,0,0,0,0,0,0,0,0,0,0,0,0,0,0,0,0,0,0,0,0,0,0,0,0,0,0,0,0,0,0,0,0,0,0,0,0,0,0,0,0,0,0,0,0,0,0,0,0,0,0,0,0,0,0,0,0,0,0,0,0,0,0,0,0,0,0,0,0,0,0,0,0,0,0,0,0,0,0,0,0,0,0,0,0,0,0,0,0,0,0,0,0,0,0,0,0,0,0,0,0,0,0,0,0,0,0,0,0,0,0,0,0,0,0,5.435,0,0,0,0,0,0,0,0,10.87,0,0,0,0,0,0,0,0,0,0,0,0,0,0,0,0,0,0,0,0,0,0,0,0,0,0,0,0,0,0,0,0,0,0,0,0,0,0,0,11.957,0,3.261,0,0,0,0,0,0,4.348,0,2.174,0,0,0,0,0,0,0,0,0,0,0,0,0,0,0,0,0,0,0,0,0,0,0,0,0,0,0,0,0,0,0,0,0,0,0,0,0,0,0,0,0,0,0,0,0,0,0,0,0,0,0,0,0,0,0,0,0,0,0,0,0,0,0,0,0,0,0,0,0,0,0,0,0,0,0,0,0,0,0,0,0,0,0,0,0,0,0,0,0,0,0,0,0,0,0,0,0,0,0,0,0,0,0,0,0,0,0,0,0,0,0,0,0,0,0,0,0,0,0,0,0,0,0,0,0,0,0,0,0,3.261,0,0,0,0,0,0,1.087,0,3.261,0,0,0,0,0,0,5.435,0,7.609,0,0,0,0,0,0,0,0,0,0,0,0,0,0,0,0,0,0,0,0,0,0,0,6.522,0,0,0,0,0,0,0,0,0,0,0,0,0,0,0,10.87,0,5.435,0,0,0,0,0,0,0,0,0,0,0,0,0,0,0,0,0,0,0,0,0,0,0,0,0,0,0,0,0,0,0,0,0,0,0,0,0,0,0,0,0,0,0,0,0,0
Chayanat_D2T2,1005,0.166,0.176,0,0.215,0,0.137,0.009,0.147,0.068,0,0.049,0.029,65.1829,4.57271,9.30076,4.57102,143.555,2.98643,0.339299,23.21,19.24,19.39,N,38.17,Chayanat_D2T2.txt.deg.degree,6.122,0,0,1.02,0,0,3.061,0,0,0,0,0,0,0,0,1.02,0,0,4.082,0,0,0,0,0,0,0,0,0,0,0,0,0,0,0,0,0,0,0,0,0,0,0,0,0,0,0,0,0,0,0,0,0,0,0,0,0,0,0,0,0,0,0,0,0,5.102,0,0,3.061,0,0,6.122,0,0,2.041,0,0,0,0,0,0,0,0,1.02,0,0,0,0,0,0,0,0,0,0,0,0,0,0,0,0,0,0,0,0,0,0,0,0,0,0,0,0,0,0,0,0,0,0,0,0,0,0,0,0,0,0,0,0,0,0,0,8.163,0,0,2.041,0,0,10.204,0,0,1.02,0,0,0,0,0,0,0,0,0,0,0,0,0,0,0,0,0,0,0,0,0,0,0,0,0,0,0,0,0,0,0,0,0,0,0,0,0,0,0,0,0,0,0,0,0,0,0,0,0,0,0,0,0,3.061,0,0,7.143,0,0,1.02,0,0,1.02,0,0,1.02,0,0,0,1.02,0,0,0,0,0,0,0,0,0,0,0,0,0,0,0,0,0,0,0,0,0,0,0,0,0,0,0,0,0,0,0,0,0,0,1.02,0,0,0,0,0,0,0,0,2.041,0,0,0,0,0,3.061,0,0,1.02,0,1.02,8.163,0,0,0,0,0,0,0,0,0,0,0,0,0,0,0,0,0,0,0,0,0,0,0,0,0,0,0,0,0,0,0,0,0,0,0,0,0,0,0,0,0,0,0,0,0,0,0,0,0,0,0,0,0,0,0,0,0,0,0,0,0,0,1.02,0,0,4.082,0,0,0,2.041,0,0,0,0,0,0,0,0,0,0,0,0,0,0,0,0,0,0,0,0,0,0,0,0,0,0,0,0,0,0,0,0,0,0,0,0,0,0,0,0,0,0,0,0,3.061,0,0,2.041,0,0,0,0,0,0,0,0,0,0,0,0,0,0,0,0,0,0,0,0,0,0,0,0,0,0,0,0,0,2.041,0,0,1.02,0,0,0,0,0,0,0,0,0,0,0,0,0,0,0,0,0,0,0,0,0,0,0,0,0,0,0,0
Darbari_kanada_D2T3.txt,1230,0.186,0.226,0,0,0.133,0.069,0,0.075,0,0.122,0,0.186,66.0378,4.44394,9.14205,4.50988,119.146,2.81042,0.443898,23.67,20.45,20.55,N,35.32,Darbari_kanada_D2T3.txt.deg.degree,3.571,0,0,4.167,0,0,0,1.19,0,1.19,0,0,0,0,0,0,0.595,0,0,7.143,0,0,0,0,0,0,0,0,0,0,0,0,0,0,0,0,0,0,0,0,0,0,0,0,0,0,0,0,0,0,0,0,0,0,0,0,0,0,0,0,0,0,0,0,5.952,0,0,11.31,0,0,0,3.571,0,0,0,0,0.595,0,0,0,0,0,0,1.19,0,0,0,0,0,0,0,0,0,0,0,0,0,0,0,0,0,0,0,0,0,0,0,0,0,0,0,0,0,0,0,0,0,0,0,0,0,0,0,0,0,0,0,0,0,0,0,0,0,0,0,0,0,0,0,0,0,0,0,0,0,0,0,0,2.381,0,0,3.571,0,0,0,4.167,0,2.976,0,0,0,0,0,0,0,0,0,0,0,0,0,0,0,0,0,0,0,0,0,0,0,0,0,0,0,0,0,0,0,0,0,0,0,0,0,0,0,2.976,0,1.19,0,0,2.976,0,0,0,0,0,0,0,0,0,0,0,0,0,0,0,0,0,0,0,0,0,0,0,0,0,0,0,0,0,0,0,0,0,0,0,0,0,0,0,0,0,0,0,0,0,0,0,0,0,0,0,0,0,0.595,0,0,0,0,0,1.786,0,0,2.976,0,0,0,1.19,0,0,1.19,0,0,0,0,0,0,0,0,0,0,0,0,0,0,0,0,0,0,0,0,0,0,0,0,0,0,0,0,0,0,0,0,0,0,0,0,0,0,0,0,0,0,0,0,0,0,0,0,0,0,0,0,0,0,0,0,0,0,0,0,0,0,0,0,0,1.786,0,0,0,0,0,0,0,0,0,0,0,0,0,0,0,4.762,0,0,5.952,0,0,0,0,0,0,0,0,0,0,0,0,0,0,0,0,0,0,0,0,0,0,0,0,0,0,0,0,0,0,0,0,0,0,0,0,0,0,0,0,0,0,0,4.762,0,0,2.976,0,0,0,1.19,0,0,0,0,1.19,0,0,0,5.952,0,0,2.976,0,0,0,0,0,0,0,0,0,0,0,0,0,0,0,0,0,0,0,0,0,0,0,0
Desh_D2T4,1050,0.182,0.131,0,0.087,0,0.116,0,0.138,0.124,0,0.138,0.08,67.6698,3.75845,8.27329,3.92227,132.512,2.30119,0.393581,23.14,20.96,20.96,Y,34.94,Desh_D2T4.txt.deg.degree,0.752,0,0,4.511,0,0,0,0,0,1.504,0,0,0,0,0,0.752,0,0,5.263,4.511,0,0,0,0,0,0,0,0,0,0,0,0,0,0,0,0,0,0,0,0,0,0,0,0,0,0,0,0,0,0,0,0,0,0,0,0,0,0,0,0,0,0,0,0,3.759,0,0,1.504,0,0,1.504,0,0,3.759,0,0,0.752,0,0,0,0,0,1.504,0,0,0,0,0,0,0,0,0,0,0,0,0,0,0,0,0,0,0,0,0,0,0,0,0,0,0,0,0,0,0,0,0,0,0,0,0,0,0,0,0,0,0,0,0,0,0,5.263,0,0,1.504,0,0,0.752,0,0,0,0,0,0,0,0,0.752,0,0,0,0,0,0,0,0,0,0,0,0,0,0,0,0,0,0,0,0,0,0,0,0,0,0,0,0,0,0,0,0,0,0,0,0,0,0,0,0,0,0,0,0,0.752,0,0,0.752,0,0,5.263,0,0,0.752,0,0,3.008,0,0,1.504,0,0,0,0,0,0,0,0,0,0,0,0,0,0,0,0,0,0,0,0,0,0,0,0,0,0,0,0,0,0,0,0,0,0,0,0,0,0,0,0,0,0,0,0,0,0,0,0.752,0,0,0.752,0,0,0,0,0,3.759,0,0,1.504,0,0,3.759,0,0,2.256,1.504,0,0,0,0,0,0,0,0,0,0,0,0,0,0,0,0,0,0,0,0,0,0,0,0,0,0,0,0,0,0,0,0,0,0,0,0,0,0,0,0,0,0,0,2.256,0,0,0,0,0,0,0,0,1.504,0,0,8.271,0,0,0.752,0,0,0,0,0,0,0,0,0,0,0,0,0,0,0,0,0,0,0,0,0,0,0,0,0,0,0,0,0,0,0,0,0,0,0,0,0,0,0,0,0,0,0,0,0,0,0,0,9.774,0,0,0,0,0,0,0,0,0,0,0,0.752,0,0,0,0,0,3.759,0,0,0,0,0,0,0,0,0,0,0,0,0,0,0,0,0,6.015,0,0,0,2.256,0,0,0,0,0,0,0,0,0,0,0,0,0,0,0,0,0,0,0,0,0,0,0,0
Deshi_D2T5,420,0.23,0.173,0,0,0.134,0.115,0,0.134,0.076,0,0,0.134,70.8045,4.04621,12.0612,4.42338,127.999,2.19874,0.476538,39.18,22.04,22.04,Y,16.73,Deshi_D2T5.txt.deg.degree,6.25,0,0,4.167,0,0,0,4.167,0,2.083,0,0,0,0,0,0,0,0,0,4.167,0,0,0,0,0,0,0,0,0,0,0,0,0,0,0,0,0,0,0,0,0,0,0,0,0,0,0,0,0,0,0,0,0,0,0,0,0,0,0,0,0,0,0,0,10.417,0,0,0,0,0,0,4.167,0,0,0,0,2.083,0,0,0,0,0,0,0,0,0,0,0,0,0,0,0,0,0,0,0,0,0,0,0,0,0,0,0,0,0,0,0,0,0,0,0,0,0,0,0,0,0,0,0,0,0,0,0,0,0,0,0,0,0,0,0,0,0,0,0,0,0,0,0,0,0,0,0,0,0,0,0,0,0,0,10.417,0,0,0,2.083,0,0,0,0,0,0,0,0,0,0,0,0,0,0,0,0,0,0,0,0,0,0,0,0,0,0,0,0,0,0,0,0,0,0,0,0,0,2.083,0,0,0,2.083,0,2.083,0,0,4.167,0,0,2.083,0,0,0,0,0,0,0,0,0,0,0,0,0,0,0,0,0,0,0,0,0,0,0,0,0,0,0,0,0,0,0,0,0,0,0,0,0,0,0,0,0,0,0,0,0,0,0,0,0,0,0,0,0,0,0,0,8.333,0,0,0,0,0,4.167,0,0,0,2.083,0,0,0,0,0,0,0,0,0,0,0,0,0,0,0,0,0,0,0,0,0,0,0,0,0,0,0,0,0,0,0,0,0,0,0,0,0,0,0,0,0,0,0,0,0,0,0,0,0,0,0,0,0,0,0,6.25,0,0,2.083,0,0,0,0,0,0,0,0,0,0,0,0,0,0,0,0,0,0,0,0,0,0,0,0,0,0,0,0,0,0,0,0,0,0,0,0,0,0,0,0,0,0,0,0,0,0,0,0,0,0,0,0,0,0,0,0,0,0,0,0,0,0,0,0,0,0,0,0,0,4.167,0,0,0,0,0,0,0,0,0,0,0,2.083,0,0,0,0,0,0,8.333,0,0,0,0,0,0,0,0,0,0,0,0,0,0,0,0,0,0,0,0,0,0,0,0
Durga_D2T7,1125,0.2,0.233,0,0.033,0,0.2,0,0.133,0.2,0,0,0,73.2363,4.086,11.4204,4.46685,130.012,2.32184,0.502098,58.16,16.12,16.12,Y,9.59,Durga_D2T7.txt.deg.degree,0,0,0,0,0,0,0,0,0,3.846,0,0,0,0,0,11.538,0,0,0,0,0,0,0,0,0,0,0,0,0,0,0,0,0,0,0,0,0,0,0,0,0,0,0,0,0,0,0,0,0,0,0,0,0,0,0,0,0,0,0,0,0,0,0,0,3.846,0,0,0,0,0,0,0,0,11.538,0,0,7.692,0,0,0,0,0,0,0,0,0,0,0,0,0,0,0,0,0,0,0,0,0,0,0,0,0,0,0,0,0,0,0,0,0,0,0,0,0,0,0,0,0,0,0,0,0,0,0,0,0,0,0,0,0,0,0,0,0,0,0,0,0,0,0,0,0,0,0,0,0,0,0,0,0,0,0,0,0,0,0,0,0,0,0,0,0,0,0,0,0,0,0,0,0,0,0,0,0,0,0,0,0,0,0,0,0,0,0,0,0,0,0,0,0,0,0,0,19.231,0,0,0,0,0,0,0,0,0,0,0,3.846,0,0,0,0,0,0,0,0,0,0,0,0,0,0,0,0,0,0,0,0,0,0,0,0,0,0,0,0,0,0,0,0,0,0,0,0,0,0,0,0,0,0,0,0,0,0,0,0,0,0,3.846,0,0,0,0,0,7.692,0,0,0,0,0,3.846,0,0,0,0,0,0,0,0,0,0,0,0,0,0,0,0,0,0,0,0,0,0,0,0,0,0,0,0,0,0,0,0,0,0,0,0,0,0,0,0,0,0,0,0,0,0,0,11.538,0,0,0,0,0,0,0,0,0,0,0,7.692,0,0,3.846,0,0,0,0,0,0,0,0,0,0,0,0,0,0,0,0,0,0,0,0,0,0,0,0,0,0,0,0,0,0,0,0,0,0,0,0,0,0,0,0,0,0,0,0,0,0,0,0,0,0,0,0,0,0,0,0,0,0,0,0,0,0,0,0,0,0,0,0,0,0,0,0,0,0,0,0,0,0,0,0,0,0,0,0,0,0,0,0,0,0,0,0,0,0,0,0,0,0,0,0,0,0,0,0,0,0,0,0,0,0,0,0,0
Gaud_sarang_D2T9,540,0.136,0.136,0,0.318,0,0.181,0.068,0.159,0,0,0,0,70.4135,4.36696,13.9369,4.88111,127.604,2.01394,0.451978,51.58,16.89,16.89,Y,14.64,Gaud_sarang_D2T9.txt.deg.degree,2.5,0,0,0,0,0,7.5,0,0,0,0,0,0,0,0,0,0,0,0,0,0,0,0,0,0,0,0,0,0,0,0,0,0,0,0,0,0,0,0,0,0,0,0,0,0,0,0,0,0,0,0,0,0,0,0,0,0,0,0,0,0,0,0,0,2.5,0,0,0,0,0,0,0,0,10,0,0,0,0,0,0,0,0,0,0,0,0,0,0,0,0,0,0,0,0,0,0,0,0,0,0,0,0,0,0,0,0,0,0,0,0,0,0,0,0,0,0,0,0,0,0,0,0,0,0,0,0,0,5,0,0,12.5,0,0,2.5,0,0,7.5,0,0,5,0,0,0,0,0,0,0,0,0,0,0,0,0,0,0,0,0,0,0,0,0,0,0,0,0,0,0,0,0,0,0,0,0,0,0,0,0,0,0,0,0,0,0,0,0,0,0,0,0,0,0,0,0,0,0,0,20,0,0,0,0,0,0,0,0,0,0,0,0,0,0,0,0,0,0,0,0,0,0,0,0,0,0,0,0,0,0,0,0,0,0,0,0,0,0,0,0,0,0,0,0,0,0,0,7.5,0,0,0,0,0,0,0,0,0,0,0,0,0,0,2.5,0,0,2.5,0,7.5,5,0,0,0,0,0,0,0,0,0,0,0,0,0,0,0,0,0,0,0,0,0,0,0,0,0,0,0,0,0,0,0,0,0,0,0,0,0,0,0,0,0,0,0,0,0,0,0,0,0,0,0,0,0,0,0,0,0,0,0,0,0,0,0,0,0,0,0,0,0,0,0,0,0,0,0,0,0,0,0,0,0,0,0,0,0,0,0,0,0,0,0,0,0,0,0,0,0,0,0,0,0,0,0,0,0,0,0,0,0,0,0,0,0,0,0,0,0,0,0,0,0,0,0,0,0,0,0,0,0,0,0,0,0,0,0,0,0,0,0,0,0,0,0,0,0,0,0,0,0,0,0,0,0,0,0,0,0,0,0,0,0,0,0,0,0,0,0,0,0,0,0,0,0,0,0,0,0,0,0
Gorakh_kalyan_D2T10,1050,0.201,0.174,0,0.009,0,0.174,0,0.055,0.275,0,0,0.11,62.2855,4.27658,10.4766,4.50469,138.273,2.28299,0.514819,22.84,21.94,22.09,N,33.13,Gorakh_kalyan_D2T10.txt.deg.degree,5.714,0,0,3.81,0,0,0,0,0,0.952,0,0,0,0,0,5.714,0,0,0,2.857,0,0,0,0,0,0,0,0,0,0,0,0,0,0,0,0,0,0,0,0,0,0,0,0,0,0,0,0,0,0,0,0,0,0,0,0,0,0,0,0,0,0,0,0,0.952,0,0,5.714,0,0,0,0,0,7.619,0,0,0,0,0,0,0,0,0,2.857,0,0,0,0,0,0,0,0,0,0,0,0,0,0,0,0,0,0,0,0,0,0,0,0,0,0,0,0,0,0,0,0,0,0,0,0,0,0,0,0,0,0,0,0,0,0,0,0,0,0,0,0,0,0,0,0,0,0,0,0,0,0,0,0,0,0,0,0,0,0,0,0,0,0,0,0,0,0,0,0,0,0,0,0,0,0,0,0,0,0,0,0,0,0,0,0,0,0,0,0,0,0,0,0,0,0,1.905,0,0,7.619,0,0,0,0,0,2.857,0,0,1.905,0,0,3.81,0,0,0,0,0,0,0,0,0,0,0,0,0,0,0,0,0,0,0,0,0,0,0,0,0,0,0,0,0,0,0,0,0,0,0,0,0,0,0,0,0,0,0,0,0,0,0,0,0,0,0,0,0,0,0,0,1.905,0,0,0,0,0,3.81,0,0,0,0,0,0,0,0,0,0,0,0,0,0,0,0,0,0,0,0,0,0,0,0,0,0,0,0,0,0,0,0,0,0,0,0,0,0,0,0,0,0,0,0,0,0,0,8.571,0,0,0,0,0,0,0,0,4.762,0,0,3.81,0,0,7.619,0,0,0,3.81,0,0,0,0,0,0,0,0,0,0,0,0,0,0,0,0,0,0,0,0,0,0,0,0,0,0,0,0,0,0,0,0,0,0,0,0,0,0,0,0,0,0,0,0,0,0,0,0,0,0,0,0,0,0,0,0,0,0,0,0,0,0,0,0,0,1.905,0,0,0,0,0,0,0,0,0,0,0,0,0,0,7.619,0,0,0,1.905,0,0,0,0,0,0,0,0,0,0,0,0,0,0,0,0,0,0,0,0,0,0,0,0
Gujari_todi_D2T11,375,0.214,0,0.214,0,0.142,0,0.142,0,0,0.285,0,0,71.2397,4.2342,11.9848,4.67851,127.999,2.0221,0.467991,43.94,18.4,18.4,Y,19.26,Gujari_todi_D2T11.txt.deg.degree,8.696,0,0,0,0,0,0,0,0,0,0,0,0,0,0,0,8.696,0,0,0,0,0,0,0,0,0,0,0,0,0,0,0,0,0,0,0,0,0,0,0,0,0,0,0,0,0,0,0,0,0,0,0,0,0,0,0,0,0,0,0,0,0,0,0,0,0,0,0,0,0,0,0,0,0,0,0,0,0,0,0,0,0,0,0,0,8.696,0,0,0,13.043,0,0,0,0,0,0,0,0,0,0,0,0,0,0,0,0,0,0,0,0,0,0,0,0,0,0,0,0,0,0,0,0,0,0,0,0,0,0,0,0,0,0,0,0,0,0,0,0,0,0,0,0,0,0,0,0,0,0,0,0,0,0,4.348,0,0,0,0,0,0,8.696,0,0,0,0,0,0,0,0,0,0,0,0,0,0,0,0,0,0,0,0,0,0,0,0,0,0,0,0,0,0,0,0,0,0,0,0,0,0,0,0,0,0,0,0,0,0,0,0,0,0,0,0,0,0,0,0,0,0,0,0,0,0,0,0,0,0,0,0,0,0,0,0,0,0,0,0,0,0,0,8.696,0,0,0,0,0,0,0,0,8.696,0,0,0,0,0,0,0,0,0,0,0,0,0,0,0,0,0,0,0,0,0,0,0,0,0,0,0,0,0,0,0,0,0,0,0,0,0,0,0,0,0,0,0,0,0,0,0,0,0,0,0,0,0,0,0,0,0,0,0,0,0,0,0,0,0,0,0,0,0,0,0,0,0,0,0,0,0,0,0,0,0,0,0,0,0,0,0,0,0,4.348,0,0,0,0,0,0,4.348,0,0,0,8.696,0,0,0,0,13.043,0,0,0,0,0,0,0,0,0,0,0,0,0,0,0,0,0,0,0,0,0,0,0,0,0,0,0,0,0,0,0,0,0,0,0,0,0,0,0,0,0,0,0,0,0,0,0,0,0,0,0,0,0,0,0,0,0,0,0,0,0,0,0,0,0,0,0,0,0,0,0,0,0,0,0,0,0,0,0,0,0,0,0,0,0,0,0,0,0,0
Gunakri_D2T12,255,0.155,0,0.181,0.012,0,0.22,0,0.259,0,0.168,0,0,62.3471,4.30688,11.1159,4.52532,128.797,1.86901,0.5525,36.85,19.67,19.67,Y,23.81,Gunakri_D2T12.txt.deg.degree,2.778,0,0,0,4.167,0,0,0,0,0,0,0,1.389,0,0,0,5.556,0,0,0,0,0,0,0,0,0,0,0,0,0,0,0,0,0,0,0,0,0,0,0,0,0,0,0,0,0,0,0,0,0,0,0,0,0,0,0,0,0,0,0,0,0,0,0,0,0,0,0,0,0,0,0,0,0,0,0,0,0,0,0,0,0,0,0,0,4.167,0,0,0,4.167,0,0,0,0,4.167,0,0,4.167,0,0,0,1.389,0,0,0,0,0,0,0,0,0,0,0,0,0,0,0,0,0,0,0,0,0,0,0,0,0,0,0,0,0,0,0,0,0,0,0,0,0,0,0,0,0,0,0,0,0,0,0,0,0,0,0,0,0,0,0,0,0,0,0,0,0,0,0,0,0,0,0,0,0,0,0,0,0,0,0,0,0,0,0,0,0,0,0,0,0,0,0,0,0,0,0,0,6.944,0,0,0,0,5.556,0,0,9.722,0,0,0,1.389,0,0,0,0,0,0,0,0,0,0,0,0,0,0,0,0,0,0,0,0,0,0,0,0,0,0,0,0,0,0,0,0,0,0,0,0,0,0,0,0,0,0,0,0,0,0,1.389,0,0,0,1.389,0,0,0,0,13.889,0,0,6.944,0,0,0,4.167,0,0,0,0,0,0,0,0,0,0,0,0,0,0,0,0,0,0,0,0,0,0,0,0,0,0,0,0,0,0,0,0,0,0,0,0,0,0,0,0,0,0,0,0,0,0,0,0,0,0,0,0,0,0,0,0,0,0,0,0,0,0,0,0,0,0,0,0,5.556,0,0,0,1.389,0,0,0,0,0,0,0,5.556,0,0,0,4.167,0,0,0,0,0,0,0,0,0,0,0,0,0,0,0,0,0,0,0,0,0,0,0,0,0,0,0,0,0,0,0,0,0,0,0,0,0,0,0,0,0,0,0,0,0,0,0,0,0,0,0,0,0,0,0,0,0,0,0,0,0,0,0,0,0,0,0,0,0,0,0,0,0,0,0,0,0,0,0,0,0,0,0,0,0,0,0,0,0,0
Hamir_D2T13,990,0.082,0.074,0,0.164,0,0.082,0.059,0.201,0.164,0,0.171,0,64.4941,4.26083,8.90045,4.52013,108.23,3.11345,0.328249,15.6,20.21,20.21,Y,43.98,Hamir_D2T13.txt.deg.degree,0,0,0,1.538,0,0,0,0,0,1.538,0,0,0,0,0,0,0,0,4.615,0,0,0,0,0,0,0,0,0,0,0,0,0,0,0,0,0,0,0,0,0,0,0,0,0,0,0,0,0,0,0,0,0,0,0,0,0,0,0,0,0,0,0,0,0,2.308,0,0,0,0,0,2.308,0,0,0,0,0,1.538,0,0,0,0,0,0.769,0,0,0,0,0,0,0,0,0,0,0,0,0,0,0,0,0,0,0,0,0,0,0,0,0,0,0,0,0,0,0,0,0,0,0,0,0,0,0,0,0,0,0,0,0,0,0,1.538,0,0,6.154,0,0,6.154,0,0,1.538,0,0,0.769,0,0,0,0,0,0,0,0,0,0,0,0,0,0,0,0,0,0,0,0,0,0,0,0,0,0,0,0,0,0,0,0,0,0,0,0,0,0,0,0,0,0,0,0,0,0,0,0,0,0,2.308,0,0,4.615,0,0,0,0,0,0,0,0,0,0,0,1.538,0,0,0,0,0,0,0,0,0,0,0,0,0,0,0,0,0,0,0,0,0,0,0,0,0,0,0,0,0,0,0,0,0,0,0,3.846,0,0,0.769,0,0,1.538,0,0,0,0,0,0.769,0,0,3.077,0,0,0.769,0,4.615,9.231,0,0,0.769,0,0,0.769,0,0,0,0,0,0,0,0,0,0,0,0,0,0,0,0,0,0,0,0,0,0,0,0,0,0,0,0,0,0,0,0,0,0,0,0,0,0,0,0,0,0,0,0,0.769,0,0,0,0,0,0,0,0,0,0,0.769,2.308,0,0,5.385,0,0,7.692,0,0,0,0,0,0,0,0,0,0,0,0,0,0,0,0,0,0,0,0,0,0,0,0,0,0,0,0,0,0,0,0,0,0,0,0,0,0,0,0,0,0,0,0,0,3.846,0,0,0.769,0,0,0,0,0,0,0,0.769,2.308,0,0,9.231,0,0,0.769,0,0,0,0,0,0,0,0,0,0,0,0,0,0,0,0,0,0,0,0,0,0,0,0,0,0,0,0,0,0,0,0,0,0,0,0,0,0,0,0,0,0,0,0,0,0
Hansadhvani_D2T14,1020,0.142,0.154,0,0.25,0,0.023,0,0.261,0,0,0.166,0,62.5817,4.40327,11.4815,4.56209,129.604,2.12505,0.452468,17.17,19.9,20.06,N,42.86,Hansadhvani_D2T14.txt.deg.degree,2.5,0,0,3.75,0,0,1.25,0,0,1.25,0,0,2.5,0,0,0,0,0,1.25,0,0,0,0,0,0,0,0,0,0,0,0,0,0,0,0,0,0,0,0,0,0,0,0,0,0,0,0,0,0,0,0,0,0,0,0,0,0,0,0,0,0,0,0,0,0,0,0,0,0,0,8.75,0,0,0,0,0,2.5,0,0,0,0,0,3.75,0,0,0,0,0,0,0,0,0,0,0,0,0,0,0,0,0,0,0,0,0,0,0,0,0,0,0,0,0,0,0,0,0,0,0,0,0,0,0,0,0,0,0,0,0,0,0,11.25,0,0,5,0,0,0,0,0,8.75,0,0,0,0,0,0,0,0,0,0,0,0,0,0,0,0,0,0,0,0,0,0,0,0,0,0,0,0,0,0,0,0,0,0,0,0,0,0,0,0,0,0,0,0,0,0,0,0,0,0,1.25,0,0,0,0,0,0,0,0,0,0,0,1.25,0,0,0,0,0,0,0,0,0,0,0,0,0,0,0,0,0,0,0,0,0,0,0,0,0,0,0,0,0,0,0,0,0,0,0,0,0,0,0,0,0,0,0,0,0,0,0,0,0,0,6.25,0,0,0,0,0,8.75,0,0,1.25,0,0,5,0,0,0,0,0,6.25,0,0,0,0,0,0,0,0,0,0,0,0,0,0,0,0,0,0,0,0,0,0,0,0,0,0,0,0,0,0,0,0,0,0,0,0,0,0,0,0,0,0,0,0,0,0,0,0,0,0,0,0,0,0,0,0,0,0,0,0,0,0,0,0,0,0,0,0,0,0,0,0,0,0,0,0,0,0,0,0,0,0,0,0,0,0,0,0,0,0,0,0,0,0,0,0,0,0,0,0,0,0,0,0,0,0,0,0,2.5,0,0,0,0,0,1.25,0,0,0,0,0,7.5,0,0,0,0,0,6.25,0,0,0,0,0,0,0,0,0,0,0,0,0,0,0,0,0,0,0,0,0,0,0,0,0,0,0,0,0,0,0,0,0,0,0,0,0,0,0,0,0,0,0,0,0,0
Jaijaivanti_D2T16,1095,0.109,0.218,0,0.142,0.005,0.12,0,0.136,0.114,0,0.049,0.103,64.0062,4.25008,8.53886,4.46868,115.164,3.16244,0.334814,20,18.03,18.03,Y,43.94,Jaijaivanti_D2T16.txt.deg.degree,3.911,0,0,1.676,0,0,0.559,0,0,0,0,0,1.117,0,0,0,0,0,0.559,2.793,0,0,0,0,0,0,0,0,0,0,0,0,0,0,0,0,0,0,0,0,0,0,0,0,0,0,0,0,0,0,0,0,0,0,0,0,0,0,0,0,0,0,0,0,1.676,0,0,10.615,0,0,4.469,0.559,0,0,0,0,0,0,0,0,0,0,1.676,2.235,0,0,0,0,0,0,0,0,0,0,0,0,0,0,0,0,0,0,0,0,0,0,0,0,0,0,0,0,0,0,0,0,0,0,0,0,0,0,0,0,0,0,0,0.559,0,0,3.352,0,0,2.793,0,0,6.704,0,0,0.559,0,0,0,0,0,0,0,0,0,0,0,0.559,0,0,0,0,0,0,0,0,0,0,0,0,0,0,0,0,0,0,0,0,0,0,0,0,0,0,0,0,0,0,0,0,0,0,0,0,0,0,0,0,0,1.676,0,0,5.028,0,0,2.235,0,0,2.235,0,0,0,0,0,0,1.117,0,0,0,0,0,0,0,0,0,0,0,0,0,0,0,0,0,0,0,0,0,0,0,0,0,0,0,0,0,0,0,0,0,0,0,0,0,0,0,0,0,0,0,0.559,0,0,1.117,0,0,1.117,0,0,2.793,0,0,4.469,0,0,2.793,0,0,1.117,0,0,0,0,0,0,0,0,0,0,0,0,0,0,0,0,0,0,0,0,0,0,0,0,0,0,0,0,0,0,0,0,0,0,0,0,0,0,0,0,0,0,0,0,0,0,0,0.559,0,0,0,0,0,0.559,0,0,3.352,0,0,3.911,0,0,0,3.352,0,0,0,0,0,0,0,0,0,0,0,0,0,0,0,0,0,0,0,0,0,0,0,0,0,0,0,0,0,0,0,0,0,0,0,0,0,0,0,0,0,0,0,0,2.793,0,0,0.559,0,0,0,0,0,0,0,0,0,0,0,0,0,0,1.676,0,0,0.559,0,0,1.676,0,0,0,0,0,0,0,0,2.235,0,0,5.028,0,0,0,1.117,0,0,0,0,0,0,0,0,0,0,0,0,0,0,0,0,0,0,0,0,0,0,0,0
Jaunpuri_D2T17.txt,450,0.148,0.123,0,0,0.066,0.132,0,0.173,0,0.173,0,0.181,66.8922,4.28272,9.40785,4.49434,118.463,3.10881,0.381645,19.52,19.74,19.74,Y,41,Jaunpuri_D2T17.txt.deg.degree,1.709,0,0,2.564,0,0,0,0,0,0.855,0,0,0,0,0,0,0,0,0,8.547,0,0,0,0,0,0,0,0,0,0,0,0,0,0,0,0,0,0,0,0,0,0,0,0,0,0,0,0,0,0,0,0,0,0,0,0,0,0,0,0,0,0,0,0,5.128,0,0,3.419,0,0,0,0,0,2.564,0,0,0,0,0,0,0,0,0,0.855,0,0,0,0,0,0,0,0,0,0,0,0,0,0,0,0,0,0,0,0,0,0,0,0,0,0,0,0,0,0,0,0,0,0,0,0,0,0,0,0,0,0,0,0,0,0,0,0,0,0,0,0,0,0,0,0,0,0,0,0,0,0,0,0,0,0,0,3.419,0,0,0,2.564,0,0,0,0,0,0,0,0,0,0,0,0,0,0,0,0,0,0,0,0,0,0,0,0,0,0,0,0,0,0,0,0,0,0,0,0,0,1.709,0,0,0,3.419,0,1.709,0,0,6.838,0,0,0,0,0,0,0,0,0,0,0,0,0,0,0,0,0,0,0,0,0,0,0,0,0,0,0,0,0,0,0,0,0,0,0,0,0,0,0,0,0,0,0,0,0,0,0,0,0,0,0.855,0,0,0,0,0,0,0,0,7.692,0,0,2.564,0,0,0,5.128,0,0,1.709,0,0,0,0,0,0,0,0,0,0,0,0,0,0,0,0,0,0,0,0,0,0,0,0,0,0,0,0,0,0,0,0,0,0,0,0,0,0,0,0,0,0,0,0,0,0,0,0,0,0,0,0,0,0,0,0,0,0,0,0,0,0,0,0,0,0,0,0,0,0,0,0,0,0,0.855,0,0,8.547,0,0,0,5.983,0,0,2.564,0,0,0,0,0,0,0,0,0,0,0,0,0,0,0,0,0,0,0,0,0,0,0,0,0,0,0,0,0,0,0,0,0,0,0,0,0,0,0,0,0,0,0,6.838,0,0,0.855,0,0,0,0,0,0,0,0,0,0,0,0,6.838,0,0,4.274,0,0,0,0,0,0,0,0,0,0,0,0,0,0,0,0,0,0,0,0,0,0,0,0
Jhinjhoti_D2T18,1125,0.141,0.136,0,0.117,0,0.108,0,0.146,0.212,0,0,0.136,67.299,3.89802,7.93039,4.01489,187.076,2.96829,0.576779,39.79,18.91,18.91,Y,22.39,Jhinjhoti_D2T18.txt.deg.degree,3.382,0,0,3.865,0,0,1.449,0,0,0,0,0,0.966,0,0,0.966,0,0,0,2.899,0,0,0,0,0,0,0,0,0,0,0,0,0,0,0,0,0,0,0,0,0,0,0,0,0,0,0,0,0,0,0,0,0,0,0,0,0,0,0,0,0,0,0,0,5.797,0,0,0.966,0,0,3.382,0,0,2.899,0,0,0,0,0,0,0,0,0,0.483,0,0,0,0,0,0,0,0,0,0,0,0,0,0,0,0,0,0,0,0,0,0,0,0,0,0,0,0,0,0,0,0,0,0,0,0,0,0,0,0,0,0,0,0.966,0,0,7.246,0,0,1.932,0,0,1.449,0,0,0,0,0,0,0,0,0,0,0,0,0,0,0,0,0,0,0,0,0,0,0,0,0,0,0,0,0,0,0,0,0,0,0,0,0,0,0,0,0,0,0,0,0,0,0,0,0,0,0,0,0,0,0,0,0.483,0,0,4.348,0,0,2.415,0,0,2.899,0,0,0.483,0,0,0,0,0,0,0,0,0,0,0,0,0,0,0,0,0,0,0,0,0,0,0,0,0,0,0,0,0,0,0,0,0,0,0,0,0,0,0,0,0,0,0,0,0,0,0,0,0,0,0,0,0,0,0,0,2.415,0,0,2.899,0,0,8.213,0,0,0,1.449,0,0,0,0,0,0,0,0,0,0,0,0,0,0,0,0,0,0,0,0,0,0,0,0,0,0,0,0,0,0,0,0,0,0,0,0,0,0,0,0,0,0,0,3.382,0,0,0.966,0,0,0.483,0,0,1.449,0,0,6.28,0,0,5.314,0,0,0,3.865,0,0,0,0,0,0,0,0,0,0,0,0,0,0,0,0,0,0,0,0,0,0,0,0,0,0,0,0,0,0,0,0,0,0,0,0,0,0,0,0,0,0,0,0,0,0,0,0,0,0,0,0,0,0,0,0,0,0,0,0,0,0,0,0,0,0.483,0,0,0,0,0,0,0,0,0,0,0,1.932,0,0,6.28,0,0,0,5.314,0,0,0,0,0,0,0,0,0,0,0,0,0,0,0,0,0,0,0,0,0,0,0,0
Jog_D3T1,1200,0.215,0.004,0,0.178,0.053,0.157,0,0.19,0,0,0,0.199,65.8918,3.47184,8.05268,3.90929,157.201,3.51741,0.42993,27.83,20.18,20.18,Y,31.81,Jog_D3T1.txt.deg.degree,1.271,0,0,0,0,0,9.322,3.39,0,0.424,0,0,0.424,0,0,0,0,0,0,6.356,0,0,0,0,0,0,0,0,0,0,0,0,0,0,0,0,0,0,0,0,0,0,0,0,0,0,0,0,0,0,0,0,0,0,0,0,0,0,0,0,0,0,0,0,0,0,0,0,0,0,0,0,0,0,0,0,0,0,0,0,0,0,0,0,0,0,0,0,0,0,0,0,0,0,0,0,0,0,0,0,0,0,0,0,0,0,0,0,0,0,0,0,0,0,0,0,0,0,0,0,0,0,0,0,0,0,0,2.966,0,0,0,0,0,2.542,0.424,0,11.017,0,0,0.847,0,0,0,0,0,0,0,0,3.39,0,0,0,0,0,0,0.424,0,0,0,0,0,0,0,0,0,0,0,1.695,0,0,0,0,0,0,0,0,0,0,0,0,0,0,0,0,0,0,0,0,0,0,2.542,0,0,0,0,0,2.542,0.424,0,1.695,0,0,7.627,0,0,0,0,0,0,1.271,0,0,0,0,0,0,0,0,0,0,0,0,0,0,0,0,0,0,0,0,0,0,0,0,0,0,0,0,0,0,0,0,0,0,0,0,0,0,0,0,0,0,0,1.695,0,0,0,0,0,2.966,0,0,2.966,0,0,3.39,0,0,0,0,0,0,8.475,0,0,0,0,0,0,0,0,0,0,0,0,0,0,0,0,0,0,0,0,0,0,0,0,0,0,0,0,0,0,0,0,0,0,0,0,0,0,0,0,0,0,0,0,0,0,0,0,0,0,0,0,0,0,0,0,0,0,0,0,0,0,0,0,0,0,0,0,0,0,0,0,0,0,0,0,0,0,0,0,0,0,0,0,0,0,0,0,0,0,0,0,0,0,0,0,0,0,0,0,0,0,0,0,0,0,0,0,0,0,0,0,0,0,0,0,0,0,0,0,0,0,0,0,0,0,0,0,9.746,0,0,0,0,0,0.424,0.847,0,0,0,0,6.78,0,0,0,0,0,0,2.119,0,0,0,0,0,0,0,0,0,0,0,0,0,0,0,0,0,0,0,0,0,0,0,0
Jogiya_D3T2,210,0.197,0,0.111,0.123,0,0.172,0,0.172,0,0.148,0.061,0.012,71.1986,3.75927,5.43213,3.70704,130.835,1.84992,0.491174,38.69,18.33,18.33,Y,24.66,Jogiya_D3T2.txt.deg.degree,6.579,0,0,0,3.947,0,0,0,0,0,0,0,0,0,0,0,0,0,6.579,1.316,0,0,0,0,0,0,0,0,0,0,0,0,0,0,0,0,0,0,0,0,0,0,0,0,0,0,0,0,0,0,0,0,0,0,0,0,0,0,0,0,0,0,0,0,0,0,0,0,0,0,0,0,0,0,0,0,0,0,0,0,0,0,0,0,0,3.947,0,0,0,3.947,0,0,0,0,2.632,0,0,0,0,0,0,0,0,0,0,0,0,0,0,0,0,0,0,0,0,0,0,0,0,0,0,0,0,0,0,0,0,0,0,0,0,2.632,0,2.632,0,0,6.579,0,0,0,0,0,0,0,0,0,0,0,0,0,0,0,0,0,0,0,0,0,0,0,0,0,0,0,0,0,0,0,0,0,0,0,0,0,0,0,0,0,0,0,0,0,0,0,0,0,0,0,0,0,0,0,0,0,0,0,7.895,0,0,2.632,0,0,7.895,0,0,0,0,0,0,0,0,0,0,0,0,0,0,0,0,0,0,0,0,0,0,0,0,0,0,0,0,0,0,0,0,0,0,0,0,0,0,0,0,0,0,0,0,0,0,0,0,0,0,0,0,0,0,0,0,0,0,0,5.263,0,0,7.895,0,0,0,5.263,0,0,0,0,0,0,0,0,0,0,0,0,0,0,0,0,0,0,0,0,0,0,0,0,0,0,0,0,0,0,0,0,0,0,0,0,0,0,0,0,0,0,0,0,0,0,0,0,0,0,0,0,0,0,0,0,0,0,0,0,0,0,0,0,0,0,0,0,2.632,0,0,0,0,0,1.316,0,0,1.316,0,0,2.632,0,0,0,6.579,0,0,0,0,0,0,0,0,0,0,0,0,0,0,0,0,0,0,0,0,0,0,0,0,0,5.263,0,0,0,0,0,0,0,0,0,0,0,0,0,0,0,1.316,0,0,0,0,0,0,0,0,0,0,0,0,0,0,0,0,0,0,0,0,1.316,0,0,0,0,0,0,0,0,0,0,0,0,0,0,0,0,0,0,0,0,0,0,0,0,0,0,0
Kafi_D3T3,1185,0.137,0.166,0,0,0.088,0.156,0,0.147,0.176,0,0,0.127,71.0668,3.89306,4.91732,3.652,187.076,1.87622,0.508684,36.22,19.09,19.09,Y,25.59,Kafi_D3T3.txt.deg.degree,3.061,0,0,2.041,0,0,0,0,0,1.02,0,0,0,0,0,1.02,0,0,0,6.122,0,0,0,0,0,0,0,0,0,0,0,0,0,0,0,0,0,0,0,0,0,0,0,0,0,0,0,0,0,0,0,0,0,0,0,0,0,0,0,0,0,0,0,0,3.061,0,0,3.061,0,0,0,3.061,0,7.143,0,0,0,0,0,0,0,0,0,0,0,0,0,0,0,0,0,0,0,0,0,0,0,0,0,0,0,0,0,0,0,0,0,0,0,0,0,0,0,0,0,0,0,0,0,0,0,0,0,0,0,0,0,0,0,0,0,0,0,0,0,0,0,0,0,0,0,0,0,0,0,0,0,0,0,0,0,7.143,0,0,0,0,0,1.02,0,0,0,0,0,0,0,0,0,0,0,0,0,0,0,0,0,0,0,0,0,0,0,0,0,0,0,0,0,0,0,0,0,0,0,3.061,0,0,0,3.061,0,3.061,0,0,6.122,0,0,1.02,0,0,0,0,0,0,0,0,0,0,0,0,0,0,0,0,0,0,0,0,0,0,0,0,0,0,0,0,0,0,0,0,0,0,0,0,0,0,0,0,0,0,0,0,0,0,0,2.041,0,0,1.02,0,0,0,1.02,0,4.082,0,0,1.02,0,0,4.082,0,0,0,1.02,0,0,0,0,0,0,0,0,0,0,0,0,0,0,0,0,0,0,0,0,0,0,0,0,0,0,0,0,0,0,0,0,0,0,0,0,0,0,0,0,0,0,0,3.061,0,0,0,0,0,0,0,0,0,0,0,8.163,0,0,4.082,0,0,0,3.061,0,0,0,0,0,0,0,0,0,0,0,0,0,0,0,0,0,0,0,0,0,0,0,0,0,0,0,0,0,0,0,0,0,0,0,0,0,0,0,0,0,0,0,0,0,0,0,0,0,0,0,0,0,0,0,0,0,0,0,0,0,0,0,0,0,1.02,0,0,0,0,0,0,1.02,0,0,0,0,0,0,0,8.163,0,0,0,3.061,0,0,0,0,0,0,0,0,0,0,0,0,0,0,0,0,0,0,0,0,0,0,0,0
Kamod_D3T4,1050,0.121,0.149,0,0.13,0,0.13,0.009,0.28,0.112,0,0.037,0.028,65.1692,4.30025,9.20377,4.51448,126.048,2.88689,0.356068,23.8,17.47,17.47,Y,41.27,Kamod_D3T4.txt.deg.degree,0.971,0,0,3.883,0,0,0,0,0,0.971,0,0,0.971,0,0,0.971,0,0,2.913,0,0,0,0,0,0,0,0,0,0,0,0,0,0,0,0,0,0,0,0,0,0,0,0,0,0,0,0,0,0,0,0,0,0,0,0,0,0,0,0,0,0,0,0,0,5.825,0,0,2.913,0,0,0,0,0,0.971,0,0,3.883,0,0,0,0,0,0.971,0,0,0,0,0,0,0,0,0,0,0,0,0,0,0,0,0,0,0,0,0,0,0,0,0,0,0,0,0,0,0,0,0,0,0,0,0,0,0,0,0,0,0,0,0,0,0,0,0,0,5.825,0,0,6.796,0,0,0,0,0,0,0,0,0,0,0,0,0,0,0,0,0,0,0,0,0,0,0,0,0,0,0,0,0,0,0,0,0,0,0,0,0,0,0,0,0,0,0,0,0,0,0,0,0,0,0,0,0,0,0,0,6.796,0,0,0,0,0,0,0,0,3.883,0,0,2.913,0,0,0,0,0,0,0,0,0,0,0,0,0,0,0,0,0,0,0,0,0,0,0,0,0,0,0,0,0,0,0,0,0,0,0,0,0,0,0.971,0,0,0,0,0,0,0,0,1.942,0,0,0,0,0,6.796,0,0,3.883,0,0.971,13.592,0,0,1.942,0,0,0,0,0,0,0,0,0,0,0,0,0,0,0,0,0,0,0,0,0,0,0,0,0,0,0,0,0,0,0,0,0,0,0,0,0,0,0,0,0,0,0,0,0,0,0,0,0,0,0,0,0,0,0,0,0,0,0,5.825,0,0,2.913,0,0,0,2.913,0,0,0,0,0,0,0,0,0,0,0,0,0,0,0,0,0,0,0,0,0,0,0,0,0,0,0,0,0,0,0,0,0,0,0,0,0,0,0,0,0,0,0,0,2.913,0,0,0.971,0,0,0,0,0,0,0,0,0,0,0,0,0,0,0,0,0,0,0,0,0,0,0,0,0,0,0,0,0,0,0,0,2.913,0,0,0,0,0,0,0,0,0,0,0,0,0,0,0,0,0,0,0,0,0,0,0,0,0,0,0,0
Kedar_D3T5,1035,0.193,0.075,0,0.053,0,0.107,0.064,0.247,0.172,0,0.086,0,64.7283,4.12072,9.27214,4.48519,100.838,2.7325,0.418714,25.93,21.26,21.42,N,31.4,Kedar_D3T5.txt.deg.degree,5.618,0,0,2.247,0,0,0,0,0,2.247,0,0,1.124,0,0,2.247,0,0,4.494,0,0,0,0,0,0,0,0,0,0,0,0,0,0,0,0,0,0,0,0,0,0,0,0,0,0,0,0,0,0,0,0,0,0,0,0,0,0,0,0,0,0,0,0,0,3.371,0,0,2.247,0,0,0,0,0,0,0,0,0,0,0,0,0,0,1.124,0,0,0,0,0,0,0,0,0,0,0,0,0,0,0,0,0,0,0,0,0,0,0,0,0,0,0,0,0,0,0,0,0,0,0,0,0,0,0,0,0,0,0,0,0,0,0,1.124,0,0,0,0,0,1.124,0,1.124,0,0,0,1.124,0,0,0,0,0,0,0,0,0,0,0,0,0,0,0,0,0,0,0,0,0,0,0,0,0,0,0,0,0,0,0,0,0,0,0,0,0,0,0,0,0,0,0,0,0,0,0,0,0,0,1.124,0,0,4.494,0,0,3.371,0,0,2.247,0,0,0,0,0,0,0,0,0,0,0,0,0,0,0,0,0,0,0,0,0,0,0,0,0,0,0,0,0,0,0,0,0,0,0,0,0,0,0,0,0,2.247,0,0,3.371,0,0,1.124,0,0,1.124,0,0,0,0,0,0,0,0,4.494,0,5.618,11.236,0,0,3.371,0,0,0,0,0,0,0,0,0,0,0,0,0,0,0,0,0,0,0,0,0,0,0,0,0,0,0,0,0,0,0,0,0,0,0,0,0,0,0,0,0,0,0,0,0,0,0,2.247,0,0,0,0,0,0,0,0,0,0,0,8.989,0,0,5.618,0,0,1.124,0,0,0,0,0,0,0,0,0,0,0,0,0,0,0,0,0,0,0,0,0,0,0,0,0,0,0,0,0,0,0,0,0,0,0,0,0,0,0,0,0,0,0,0,0,5.618,0,0,0,0,0,0,0,0,0,0,0,0,0,0,2.247,0,0,1.124,0,0,0,0,0,0,0,0,0,0,0,0,0,0,0,0,0,0,0,0,0,0,0,0,0,0,0,0,0,0,0,0,0,0,0,0,0,0,0,0,0,0,0,0,0,0
Khamaj_D3T6,1125,0.127,0.03,0,0.21,0,0.12,0,0.15,0.195,0,0.09,0.075,66.2288,3.81326,7.75758,4.11704,159.014,3.37184,0.39954,24.36,20.61,20.61,Y,34.42,Khamaj_D3T6.txt.deg.degree,2.326,0,0,0,0,0,3.101,0,0,0,0,0,0.775,0,0,0,0,0,3.101,2.326,0,0,0,0,0,0,0,0,0,0,0,0,0,0,0,0,0,0,0,0,0,0,0,0,0,0,0,0,0,0,0,0,0,0,0,0,0,0,0,0,0,0,0,0,0,0,0,0.775,0,0,1.55,0,0,0,0,0,0,0,0,0,0,0,0,0,0,0,0,0,0,0,0,0,0,0,0,0,0,0,0,0,0,0,0,0,0,0,0,0,0,0,0,0,0,0,0,0,0,0,0,0,0,0,0,0,0,0,0,0,0,0,1.55,0,0,6.977,0,0,8.527,0,0,1.55,0,0,0,0,0,2.326,0,0,0,0,0,0,0,0,0,0,0,0,0,0,0,0,0,0,0,0,0,0,0,0,0,0,0,0,0,0,0,0,0,0,0,0,0,0,0,0,0,0,0,0,0,0,0,0,0,0,6.977,0,0,0.775,0,0,3.101,0,0,0.775,0,0,0,0.775,0,0,0,0,0,0,0,0,0,0,0,0,0,0,0,0,0,0,0,0,0,0,0,0,0,0,0,0,0,0,0,0,0,0,0,0,0,0,0,0,0,0,0,0,0,0,0,0,0,1.55,0,0,0.775,0,0,2.326,0,0,10.078,0,0,0,0.775,0,0,0,0,0,0,0,0,0,0,0,0,0,0,0,0,0,0,0,0,0,0,0,0,0,0,0,0,0,0,0,0,0,0,0,0,0,0,0,0,0,0,0,1.55,0,0,0,0,0,0.775,0,0,2.326,0,0,5.426,0,0,3.876,0,0,2.326,3.876,0,0,0,0,0,0,0,0,0,0,0,0,0,0,0,0,0,0,0,0,0,0,0,0,0,0,0,0,0,0,0,0,0,0,0,0,0,0,0,0,0,0,0,0,7.752,0,0,0,0,0,0,0,0,0,0,0,0,0,0,0,0,0,1.55,0,0,0,0,0,0,0,0,0,0,0,0,0,0,2.326,0,0,5.426,0,0,0,0,0,0,0,0,0,0,0,0,0,0,0,0,0,0,0,0,0,0,0,0,0,0,0,0
Kirvani_D3T7,1200,0.217,0.195,0,0,0.163,0.065,0,0.119,0,0.141,0.086,0.01,66.4819,3.90172,10.1224,4.36298,127.999,2.6882,0.396024,18.1,22.59,22.59,Y,36.72,Kirvani_D3T7.txt.deg.degree,6.818,0,0,5.682,0,0,0,2.273,0,0,0,0,1.136,0,0,0,2.273,0,1.136,1.136,0,0,0,0,0,0,0,0,0,0,0,0,0,0,0,0,0,0,0,0,0,0,0,0,0,0,0,0,0,0,0,0,0,0,0,0,0,0,0,0,0,0,0,0,4.545,0,0,3.409,0,0,0,9.091,0,0,0,0,0,0,0,0,0,0,2.273,0,0,0,0,0,0,0,0,0,0,0,0,0,0,0,0,0,0,0,0,0,0,0,0,0,0,0,0,0,0,0,0,0,0,0,0,0,0,0,0,0,0,0,0,0,0,0,0,0,0,0,0,0,0,0,0,0,0,0,0,0,0,0,0,0,2.273,0,0,9.091,0,0,0,0,0,2.273,0,0,2.273,0,0,0,0,0,0,0,0,0,0,0,0,0,0,0,0,0,0,0,0,0,0,0,0,0,0,0,0,0,0,0,0,1.136,0,0,0,2.273,0,0,0,0,3.409,0,0,0,0,0,0,0,0,0,0,0,0,0,0,0,0,0,0,0,0,0,0,0,0,0,0,0,0,0,0,0,0,0,0,0,0,0,0,0,0,0,0,0,0,0,0,0,0,0,0,1.136,0,0,0,0,0,0,2.273,0,2.273,0,0,1.136,0,0,0,4.545,0,1.136,0,0,0,0,0,0,0,0,0,0,0,0,0,0,0,0,0,0,0,0,0,0,0,0,0,0,0,0,0,0,0,0,0,0,0,0,0,0,0,0,0,0,0,0,0,0,0,0,0,0,0,0,0,0,0,0,0,0,0,0,0,0,0,0,0,0,1.136,0,0,0,0,0,0,0,0,1.136,0,0,4.545,0,0,0,4.545,0,3.409,0,0,0,0,0,0,0,0,0,0,0,0,0,0,0,0,0,0,0,0,0,0,0,4.545,0,0,0,0,0,0,0,0,1.136,0,0,0,0,0,0,2.273,0,1.136,0,0,0,0,0,0,0,0,0,0,0,0,0,0,0,0,0,0,1.136,0,0,0,0,0,0,0,0,0,0,0,0,0,0,0,0,0,0,0,0,0,0,0,0,0,0,0
Lalit_D3T8,90,0.159,0,0.117,0.17,0,0.202,0.159,0,0,0.117,0.074,0,67.7839,4.04552,8.29769,4.06975,130.422,1.96445,0.451527,17.34,21.1,21.1,Y,40.46,Lalit_D3T8.txt.deg.degree,11.236,0,0,0,2.247,0,0,0,0,0,0,0,0,0,0,0,0,0,1.124,0,0,0,0,0,0,0,0,0,0,0,0,0,0,0,0,0,0,0,0,0,0,0,0,0,0,0,0,0,0,0,0,0,0,0,0,0,0,0,0,0,0,0,0,0,0,0,0,0,0,0,0,0,0,0,0,0,0,0,0,0,0,0,0,0,0,2.247,0,0,0,2.247,0,3.371,0,0,0,0,0,0,0,0,0,0,0,3.371,0,0,0,0,0,0,0,0,0,0,0,0,0,0,0,0,0,0,0,0,0,0,0,0,0,0,0,3.371,0,3.371,0,0,7.865,0,2.247,0,0,0,0,0,0,0,0,0,0,0,0,0,0,0,0,0,0,0,0,0,0,0,0,0,0,0,0,0,0,0,0,0,0,0,0,0,0,0,0,0,0,0,0,0,0,0,0,0,0,0,0,0,0,0,0,0,7.865,0,0,5.618,0,6.742,0,0,0,0,1.124,0,0,0,0,0,0,0,0,0,0,0,0,0,0,0,0,0,0,0,0,0,0,0,0,0,0,0,0,0,0,0,2.247,0,0,7.865,0,2.247,0,0,0,0,4.494,0,0,0,0,0,0,0,0,0,0,0,0,0,0,0,0,0,0,0,0,0,0,0,0,0,0,0,0,0,0,0,0,0,0,0,0,0,0,0,0,0,0,0,0,0,0,0,0,0,0,0,0,0,0,0,0,0,0,0,0,0,0,0,0,0,0,0,0,0,0,0,0,0,0,0,0,0,0,0,0,0,0,0,0,0,0,0,0,0,1.124,0,0,0,0,0,0,0,0,0,0,5.618,0,0,0,0,3.371,0,1.124,0,0,0,0,0,0,0,0,0,0,0,0,0,0,0,0,0,0,0,0,0,0,0,1.124,0,0,0,3.371,0,0,0,0,0,0,0,0,0,0,0,2.247,0,1.124,0,0,0,0,0,0,0,0,0,0,0,0,0,0,0,0,0,0,0,0,0,0,0,0,0,0,0,0,0,0,0,0,0,0,0,0,0,0,0,0,0,0,0,0,0,0
Madhuvanti_D3T9,915,0.2,0.142,0,0,0.171,0,0.285,0.085,0,0,0.114,0,72.4932,4.41822,12.2315,4.73227,128.397,2.25422,0.51167,58.75,14.79,14.79,Y,11.67,Madhuvanti_D3T9.txt.deg.degree,3.226,0,0,0,0,0,0,0,0,0,0,6.452,0,0,0,0,0,0,6.452,0,0,0,0,0,0,0,0,0,0,0,0,0,0,0,0,0,0,0,0,0,0,0,0,0,0,0,0,0,0,0,0,0,0,0,0,0,0,0,0,0,0,0,0,0,6.452,0,0,6.452,0,0,0,0,0,0,0,0,0,0,0,0,0,0,0,0,0,0,0,0,0,0,0,0,0,0,0,0,0,0,0,0,0,0,0,0,0,0,0,0,0,0,0,0,0,0,0,0,0,0,0,0,0,0,0,0,0,0,0,0,0,0,0,0,0,0,0,0,0,0,0,0,0,0,0,0,0,0,0,0,3.226,0,0,3.226,0,0,0,3.226,0,0,0,3.226,3.226,0,0,0,0,0,0,0,0,0,0,0,0,0,0,0,0,0,0,0,0,0,0,0,0,0,0,0,0,0,0,0,0,0,0,0,0,0,0,0,0,0,0,0,0,0,0,0,0,0,0,0,0,0,0,0,0,0,0,0,0,0,0,0,0,0,0,0,0,0,0,0,0,0,0,0,0,0,0,12.903,0,0,0,12.903,6.452,0,0,0,0,0,0,0,0,0,0,0,0,0,0,0,0,0,0,0,9.677,0,0,0,0,0,0,0,0,0,0,0,0,0,0,0,0,0,0,0,0,0,0,0,0,0,0,0,0,0,0,0,0,0,0,0,0,0,0,0,0,0,0,0,0,0,0,0,0,0,0,0,0,0,0,0,0,0,0,0,0,0,0,0,0,0,0,0,0,0,0,0,0,0,0,0,0,0,0,0,0,0,0,0,0,0,0,0,0,0,0,0,0,0,0,0,0,0,0,0,0,0,0,0,0,0,0,0,0,0,0,0,0,0,0,0,3.226,0,0,3.226,0,0,0,0,0,0,0,0,0,0,0,0,0,0,6.452,0,0,0,0,0,0,0,0,0,0,0,0,0,0,0,0,0,0,0,0,0,0,0,0,0,0,0,0,0,0,0,0,0,0,0,0,0,0,0,0,0,0,0,0,0,0
Malkauns_D3T10.txt,1305,0.295,0.011,0,0,0.17,0.102,0,0,0,0.159,0,0.261,65.3732,3.78634,9.70909,4.16408,189.65,1.72889,0.541522,22.18,21.82,21.82,Y,34.18,Malkauns_D3T10.txt.deg.degree,4.762,0,0,0,0,0,0,9.524,0,1.19,0,0,0,0,0,0,2.381,0,0,10.714,0,0,0,0,0,0,0,0,0,0,0,0,0,0,0,0,0,0,0,0,0,0,0,0,0,0,0,0,0,0,0,0,0,0,0,0,0,0,0,0,0,0,0,0,0,0,0,0,0,0,0,0,0,0,0,0,0,0,0,0,0,0,0,0,0,0,0,0,0,0,0,0,0,0,0,0,0,0,0,0,0,0,0,0,0,0,0,0,0,0,0,0,0,0,0,0,0,0,0,0,0,0,0,0,0,0,0,0,0,0,0,0,0,0,0,0,0,0,0,0,0,0,0,0,0,0,0,0,7.143,0,0,0,0,0,0,2.381,0,4.762,0,0,0,0,0,0,0,0,0,2.381,0,0,0,0,0,0,0,0,0,0,0,0,0,0,0,0,0,0,0,0,0,0,1.19,0,0,0,0,0,0,3.571,0,1.19,0,0,0,0,0,0,2.381,0,0,2.381,0,0,0,0,0,0,0,0,0,0,0,0,0,0,0,0,0,0,0,0,0,0,0,0,0,0,0,0,0,0,0,0,0,0,0,0,0,0,0,0,0,0,0,0,0,0,0,0,0,0,0,0,0,0,0,0,0,0,0,0,0,0,0,0,0,0,0,0,0,0,0,0,0,0,0,0,0,0,0,0,0,0,0,0,0,0,0,0,0,0,0,0,0,0,0,0,0,0,0,0,0,0,0,0,0,0,0,0,0,0,0,0,0,0,0,0,0,0,0,0,0,0,0,0,0,0,0,0,1.19,0,0,0,0,0,0,1.19,0,3.571,0,0,0,0,0,0,4.762,0,0,5.952,0,0,0,0,0,0,0,0,0,0,0,0,0,0,0,0,0,0,0,0,0,0,0,0,0,0,0,0,0,0,0,0,0,0,0,0,0,0,0,0,0,0,0,14.286,0,0,0,0,0,0,0,0,0,0,0,0,0,0,0,7.143,0,0,5.952,0,0,0,0,0,0,0,0,0,0,0,0,0,0,0,0,0,0,0,0,0,0,0,0
Manj_khamaj_D3T11,1275,0.14,0.114,0,0.14,0,0.087,0,0.175,0.21,0,0.07,0.061,69.3028,3.47452,6.48908,3.61707,160.871,2.66411,0.353551,13.54,18.34,18.34,Y,49.78,Manj_khamaj_D3T11.txt.deg.degree,3.636,0,0,4.545,0,0,0,0,0,0,0,0,0,0,0,1.818,0,0,2.727,0.909,0,0,0,0,0,0,0,0,0,0,0,0,0,0,0,0,0,0,0,0,0,0,0,0,0,0,0,0,0,0,0,0,0,0,0,0,0,0,0,0,0,0,0,0,5.455,0,0,0,0,0,4.545,0,0,0.909,0,0,0,0,0,0,0,0,0,0,0,0,0,0,0,0,0,0,0,0,0,0,0,0,0,0,0,0,0,0,0,0,0,0,0,0,0,0,0,0,0,0,0,0,0,0,0,0,0,0,0,0,0,0,0,0,5.455,0,0,0,0,0,0.909,0,0,6.364,0,0,0,0,0,0,0,0,0,0,0,0,0,0,0,0,0,0,0,0,0,0,0,0,0,0,0,0,0,0,0,0,0,0,0,0,0,0,0,0,0,0,0,0,0,0,0,0,0,0,0,0,0,0,0,0,6.364,0,0,0,0,0,2.727,0,0,0,0,0,0,0,0,0,0,0,0,0,0,0,0,0,0,0,0,0,0,0,0,0,0,0,0,0,0,0,0,0,0,0,0,0,0,0,0,0,0,0,0,0,0,0,0,0,0,0,0,0,0,0,0,0.909,0,0,6.364,0,0,0.909,0,0,9.091,0,0,0,0.909,0,0,0,0,0,0,0,0,0,0,0,0,0,0,0,0,0,0,0,0,0,0,0,0,0,0,0,0,0,0,0,0,0,0,0,0,0,0,0,0,0,0,0,0,0,0,0,0,0,1.818,0,0,0.909,0,0,7.273,0,0,4.545,0,0,2.727,4.545,0,0,0,0,0,0,0,0,0,0,0,0,0,0,0,0,0,0,0,0,0,0,0,0,0,0,0,0,0,0,0,0,0,0,0,0,0,0,0,0,0,0,0,0,3.636,0,0,0,0,0,0,0,0,0,0,0,0.909,0,0,0.909,0,0,1.818,0,0,0,0,0,0.909,0,0,0,0,0,0,0,0,0,0,0,5.455,0,0,0,0,0,0,0,0,0,0,0,0,0,0,0,0,0,0,0,0,0,0,0,0,0,0,0,0
Marva_D3T13,930,0.071,0,0.2,0.157,0,0,0.214,0,0.171,0,0.185,0,61.8188,4.57193,10.7331,4.58954,147.656,2.10232,0.413162,11.39,17.08,17.08,Y,54.45,Marva_D3T13.txt.deg.degree,1.538,0,0,0,1.538,0,0,0,0,0,0,0,0,0,0,0,0,0,1.538,0,0,0,0,0,0,0,0,0,0,0,0,0,0,0,0,0,0,0,0,0,0,0,0,0,0,0,0,0,0,0,0,0,0,0,0,0,0,0,0,0,0,0,0,0,0,0,0,0,0,0,0,0,0,0,0,0,0,0,0,0,0,0,0,0,0,4.615,0,0,0,1.538,0,4.615,0,0,0,0,0,0,0,0,3.077,0,0,6.154,0,0,0,0,0,0,0,0,0,0,0,0,0,0,0,0,0,0,0,0,0,0,0,0,0,0,0,7.692,0,1.538,0,0,0,0,6.154,0,0,0,0,0,0,0,0,0,0,0,0,0,0,0,0,0,0,0,0,0,0,0,0,0,0,0,0,0,0,0,0,0,0,0,0,0,0,0,0,0,0,0,0,0,0,0,0,0,0,0,0,0,0,0,0,0,0,0,0,0,0,0,0,0,0,0,0,0,0,0,0,0,0,0,0,0,0,0,0,0,0,0,0,0,0,0,0,0,0,0,0,0,0,0,0,0,0,0,7.692,0,0,0,0,9.231,0,0,0,6.154,0,0,0,0,0,0,0,0,0,0,0,0,0,0,0,0,0,0,0,0,0,0,0,0,0,0,0,0,0,0,0,0,0,0,0,0,0,0,0,0,0,0,0,0,0,0,0,0,0,0,0,0,0,0,0,0,0,0,0,0,0,0,0,0,0,0,0,0,0,0,0,0,0,0,1.538,0,0,0,0,6.154,0,0,0,3.077,0,0,6.154,0,0,0,0,0,0,0,0,0,0,0,0,0,0,0,0,0,0,0,0,0,0,0,0,0,0,0,0,0,0,0,0,0,0,0,0,0,0,0,0,0,0,0,0,0,0,0,0,0,9.231,0,0,0,0,0,0,1.538,0,0,0,4.615,0,0,4.615,0,0,0,0,0,0,0,0,0,0,0,0,0,0,0,0,0,0,0,0,0,0,0,0,0,0,0,0,0,0,0,0,0,0,0,0,0,0,0,0,0,0,0,0,0,0
Miyan_ki_todi_D3T16,420,0.157,0,0.25,0,0.197,0,0.131,0.039,0,0.131,0.092,0,62.875,4.34948,10.4528,4.54204,129.604,2.2279,0.468116,34.99,20.75,20.75,Y,23.5,Miyan_ki_todi_D3T16.txt.deg.degree,2.817,0,0,0,5.634,0,0,1.408,0,0,0,0,0,0,0,0,0,0,4.225,0,0,0,0,0,0,0,0,0,0,0,0,0,0,0,0,0,0,0,0,0,0,0,0,0,0,0,0,0,0,0,0,0,0,0,0,0,0,0,0,0,0,0,0,0,0,0,0,0,0,0,0,0,0,0,0,0,0,0,0,0,0,0,0,0,0,5.634,0,0,0,9.859,0,0,9.859,0,0,0,0,0,0,0,0,0,0,0,0,0,0,0,0,0,0,0,0,0,0,0,0,0,0,0,0,0,0,0,0,0,0,0,0,0,0,0,0,0,0,0,0,0,0,0,0,0,0,0,0,0,0,0,1.408,0,0,0,8.451,0,0,2.817,0,0,0,7.042,0,0,0,0,0,0,0,0,0,0,0,0,0,0,0,0,0,0,0,0,0,0,0,0,0,0,0,0,0,0,0,0,0,0,0,0,0,0,0,0,0,0,0,0,0,0,0,0,0,0,0,0,0,0,0,0,0,0,0,0,0,0,0,0,0,0,0,0,0,0,0,0,0,0,0,0,1.408,0,0,4.225,0,0,0,2.817,0,0,0,0,5.634,0,0,0,0,0,0,0,0,0,0,0,0,0,0,0,2.817,1.408,0,0,0,0,0,0,0,0,0,0,0,0,0,0,0,0,0,0,0,0,0,0,0,0,0,0,0,0,0,0,0,0,0,0,0,0,0,0,0,0,0,0,0,0,0,0,0,0,0,0,0,0,0,0,0,0,0,0,0,0,0,0,0,0,0,0,0,0,0,0,0,0,0,0,0,0,0,0,0,1.408,0,0,0,1.408,2.817,0,0,0,2.817,0,4.225,0,0,0,0,0,0,0,0,0,0,0,0,0,0,0,0,0,0,0,0,0,0,0,4.225,0,0,0,0,0,0,0,0,0,0,0,0,0,0,0,4.225,0,1.408,0,0,0,0,0,0,0,0,0,0,0,0,0,0,0,0,0,0,0,0,0,0,0,0,0,0,0,0,0,0,0,0,0,0,0,0,0,0,0,0,0,0,0,0,0,0
Multani_D3T17,780,0.258,0,0.096,0,0.225,0,0.225,0.096,0,0.064,0.032,0,70.4196,4.49057,14.1204,4.86369,128.797,2.15862,0.506802,57.35,16.33,16.33,Y,10,Multani_D3T17.txt.deg.degree,11.538,0,0,0,3.846,0,0,7.692,0,0,0,0,0,0,0,0,0,0,0,0,0,0,0,0,0,0,0,0,0,0,0,0,0,0,0,0,0,0,0,0,0,0,0,0,0,0,0,0,0,0,0,0,0,0,0,0,0,0,0,0,0,0,0,0,0,0,0,0,0,0,0,0,0,0,0,0,0,0,0,0,0,0,0,0,0,7.692,0,0,0,0,0,0,0,0,0,0,0,0,0,0,0,0,0,0,0,0,0,0,0,0,0,0,0,0,0,0,0,0,0,0,0,0,0,0,0,0,0,0,0,0,0,0,0,0,0,0,0,0,0,0,0,0,0,0,0,0,0,0,0,0,0,0,3.846,0,0,3.846,0,0,0,15.385,0,0,0,0,0,0,0,0,0,0,0,0,0,0,0,0,0,0,0,0,0,0,0,0,0,0,0,0,0,0,0,0,0,0,0,0,0,0,0,0,0,0,0,0,0,0,0,0,0,0,0,0,0,0,0,0,0,0,0,0,0,0,0,0,0,0,0,0,0,0,0,0,3.846,0,0,0,0,0,0,11.538,0,0,0,3.846,3.846,0,0,0,3.846,0,0,0,0,0,0,0,0,0,0,0,0,0,0,0,7.692,3.846,0,0,0,0,0,0,0,0,0,0,0,0,0,0,0,0,0,0,0,0,0,0,0,0,0,0,0,0,0,0,0,0,0,0,0,0,0,0,0,0,0,0,0,0,0,0,0,0,0,0,0,0,0,0,0,0,0,0,0,0,0,0,0,0,0,0,0,0,0,0,0,0,0,0,0,0,0,0,0,0,0,0,0,0,3.846,0,0,0,0,0,0,0,0,0,0,0,0,0,0,0,0,0,0,0,0,0,0,0,0,0,0,0,0,0,3.846,0,0,0,0,0,0,0,0,0,0,0,0,0,0,0,0,0,0,0,0,0,0,0,0,0,0,0,0,0,0,0,0,0,0,0,0,0,0,0,0,0,0,0,0,0,0,0,0,0,0,0,0,0,0,0,0,0,0,0,0,0,0,0,0
Nayaki_kanada_D3T18,1200,0.309,0.309,0,0,0.142,0.095,0,0.023,0,0,0,0.119,70.1448,3.95393,12.3658,4.45396,127.999,2.3,0.502321,49.5,19.48,19.48,Y,11.53,Nayaki_kanada_D3T18.txt.deg.degree,2.632,0,0,15.789,0,0,0,0,0,0,0,0,0,0,0,0,0,0,0,10.526,0,0,0,0,0,0,0,0,0,0,0,0,0,0,0,0,0,0,0,0,0,0,0,0,0,0,0,0,0,0,0,0,0,0,0,0,0,0,0,0,0,0,0,0,15.789,0,0,5.263,0,0,0,7.895,0,2.632,0,0,0,0,0,0,0,0,0,0,0,0,0,0,0,0,0,0,0,0,0,0,0,0,0,0,0,0,0,0,0,0,0,0,0,0,0,0,0,0,0,0,0,0,0,0,0,0,0,0,0,0,0,0,0,0,0,0,0,0,0,0,0,0,0,0,0,0,0,0,0,0,0,0,0,0,0,5.263,0,0,0,5.263,0,2.632,0,0,0,0,0,0,0,0,0,0,0,0,0,0,0,0,0,0,0,0,0,0,0,0,0,0,0,0,0,0,0,0,2.632,0,0,2.632,0,0,0,0,0,2.632,0,0,2.632,0,0,0,0,0,0,0,0,0,0,0,0,0,0,0,0,0,0,0,0,0,0,0,0,0,0,0,0,0,0,0,0,0,0,0,0,0,0,0,0,0,0,0,0,0,0,0,0,0,0,0,0,0,0,0,0,0,0,0,2.632,0,0,0,0,0,0,0,0,0,0,0,0,0,0,0,0,0,0,0,0,0,0,0,0,0,0,0,0,0,0,0,0,0,0,0,0,0,0,0,0,0,0,0,0,0,0,0,0,0,0,0,0,0,0,0,0,0,0,0,0,0,0,0,0,0,0,0,0,0,0,0,0,0,0,0,0,0,0,0,0,0,0,0,0,0,0,0,0,0,0,0,0,0,0,0,0,0,0,0,0,0,0,0,0,0,0,0,0,0,0,0,0,0,0,0,0,0,0,0,0,0,0,0,0,0,0,0,0,0,0,0,0,0,0,0,0,0,0,10.526,0,0,0,0,0,0,0,0,0,0,0,0,0,0,0,0,0,0,2.632,0,0,0,0,0,0,0,0,0,0,0,0,0,0,0,0,0,0,0,0,0,0,0,0
Patdip_D3T19,915,0.138,0.027,0,0,0.194,0.277,0,0.194,0.055,0,0.111,0,73.3887,4.09453,12.1701,4.49605,127.999,2.45803,0.491679,40.64,18.9,18.9,Y,21.55,Patdip_D3T19.txt.deg.degree,0,0,0,0,0,0,0,3.125,0,3.125,0,0,0,0,0,0,0,0,6.25,0,0,0,0,0,0,0,0,0,0,0,0,0,0,0,0,0,0,0,0,0,0,0,0,0,0,0,0,0,0,0,0,0,0,0,0,0,0,0,0,0,0,0,0,0,0,0,0,0,0,0,0,0,0,0,0,0,0,0,0,0,0,0,0,0,0,0,0,0,0,0,0,0,0,0,0,0,0,0,0,0,0,0,0,0,0,0,0,0,0,0,0,0,0,0,0,0,0,0,0,0,0,0,0,0,0,0,0,0,0,0,0,0,0,0,0,0,0,0,0,0,0,0,0,0,0,0,0,0,0,0,0,0,0,0,0,3.125,0,9.375,0,0,6.25,0,0,0,0,0,0,0,0,0,0,0,0,0,0,0,0,0,0,0,0,0,0,0,0,0,0,0,0,0,0,0,0,0,0,0,0,12.5,0,6.25,0,0,12.5,0,0,0,0,0,0,0,0,0,0,0,0,0,0,0,0,0,0,0,0,0,0,0,0,0,0,0,0,0,0,0,0,0,0,0,0,0,0,0,0,0,0,0,0,0,0,0,0,0,0,3.125,0,0,0,0,0,0,0,0,12.5,0,0,0,0,0,0,0,0,3.125,0,0,0,0,0,0,0,0,0,0,0,0,0,0,0,0,0,0,0,0,0,0,0,0,0,0,0,0,0,0,0,0,0,0,0,0,0,0,0,0,0,0,0,0,0,0,0,0,0,0,0,0,0,0,0,0,3.125,0,0,3.125,0,0,0,0,0,0,0,0,0,0,0,0,0,0,0,0,0,0,0,0,0,0,0,0,0,0,0,0,0,0,0,0,0,0,0,0,0,0,0,0,0,0,0,0,0,0,0,0,6.25,0,0,0,0,0,0,0,0,0,0,0,0,0,0,3.125,0,0,3.125,0,0,0,0,0,0,0,0,0,0,0,0,0,0,0,0,0,0,0,0,0,0,0,0,0,0,0,0,0,0,0,0,0,0,0,0,0,0,0,0,0,0,0,0,0,0
Pilu_D3T20,780,0.167,0.142,0,0.014,0.137,0.128,0,0.142,0.098,0,0.103,0.064,65.4827,4.18141,8.74583,4.36124,137.355,2.04359,0.539639,43.47,18.61,18.61,Y,19.31,Pilu_D3T20.txt.deg.degree,3.015,0,0,2.01,0,0,0,3.518,0,0,0,0,0.503,0,0,1.005,0,0,5.025,1.005,0,0,0,0,0,0,0,0,0,0,0,0,0,0,0,0,0,0,0,0,0,0,0,0,0,0,0,0,0,0,0,0,0,0,0,0,0,0,0,0,0,0,0,0,4.523,0,0,0.503,0,0,0,2.01,0,7.035,0,0,0,0,0,0,0,0,0,0,0,0,0,0,0,0,0,0,0,0,0,0,0,0,0,0,0,0,0,0,0,0,0,0,0,0,0,0,0,0,0,0,0,0,0,0,0,0,0,0,0,0,0,0,0,0,0,0,0,0,0,0,1.508,0,0,0,0,0,0,0,0,0,0,0,1.508,0,0,6.533,0,0,0.503,4.02,0,1.005,0,0,0,0,0,0,0,0,0,0,0,0,0,0,0,0,0,0,0,0,0,0,0,0,0,0,0,0,0,0,0,0,0,0,0,4.02,0,0,1.005,1.508,0,0.503,0,0,5.528,0,0,0.503,0,0,0,0,0,0,0,0,0,0,0,0,0,0,0,0,0,0,0,0,0,0,0,0,0,0,0,0,0,0,0,0,0,0,0,0,0,0,0,0,0,0,0,0,0,0,0,0,0,0,1.005,0,0,0,2.513,0,3.015,0,0,1.005,0,0,1.508,0,0,2.01,3.518,0,0,0,0,0,0,0,0,0,0,0,0,0,0,0,0,0,0,0,0,0,0,0,0,0,0,0,0,0,0,0,0,0,0,0,0,0,0,0,0,0,0,0,0.503,0,0,0,0,0,0,0,0,0,0,0,6.533,0,0,1.005,0,0,0.503,1.508,0,0,0,0,0,0,0,0,0,0,0,0,0,0,0,0,0,0,0,0,0,0,0,0,0,0,0,0,0,0,0,0,0,0,0,0,0,0,0,0,0,0,0,0,7.035,0,0,0,0,0,0,0,0,0,0,0,0.503,0,0,0.503,0,0,2.513,0,0,0,0,0,0,0,0,0,0,0,0,0,0,0.503,0,0,5.528,0,0,0,0.503,0,0,0,0,0,0,0,0,0,0,0,0,0,0,0,0,0,0,0,0,0,0,0,0
puriya,960,0.12,0,0.106,0.173,0,0,0.186,0.013,0.173,0,0.226,0,62.0725,4.69134,11.6162,4.71604,128.397,1.7813,0.504783,38.8,19.09,19.09,Y,23.03,puriya.txt.deg.degree,2.899,0,0,0,0,0,0,0,0,0,0,0,0,0,0,0,0,0,7.246,0,0,0,0,0,0,0,0,0,0,0,0,0,0,0,0,0,0,0,0,0,0,0,0,0,0,0,0,0,0,0,0,0,0,0,0,0,0,0,0,0,0,0,0,0,0,0,0,0,0,0,0,0,0,0,0,0,0,0,0,0,0,0,0,0,0,4.348,0,0,0,0,0,4.348,0,0,0,0,0,0,0,0,0,0,0,1.449,0,0,0,0,0,0,0,0,0,0,0,0,0,0,0,0,0,0,0,0,0,0,0,0,0,0,0,4.348,0,2.899,0,0,0,0,10.145,0,0,0,0,0,0,0,0,0,0,0,0,0,0,0,0,0,0,0,0,0,0,0,0,0,0,0,0,0,0,0,0,0,0,0,0,0,0,0,0,0,0,0,0,0,0,0,0,0,0,0,0,0,0,0,0,0,0,0,0,0,0,0,0,0,0,0,0,0,0,0,0,0,0,0,0,0,0,0,0,0,0,0,0,0,0,0,0,0,0,0,0,0,0,0,0,0,0,0,8.696,0,0,0,0,4.348,0,0,0,7.246,0,0,0,0,0,0,0,0,0,0,0,0,0,0,0,0,0,0,0,0,0,0,0,0,0,0,0,0,0,0,0,0,0,0,0,0,0,0,0,0,0,0,0,0,0,0,0,0,0,0,0,0,0,0,0,0,0,0,0,0,0,0,0,0,0,0,0,0,1.449,0,0,0,0,0,1.449,0,0,0,0,1.449,0,0,0,2.899,0,0,10.145,0,0,0,0,0,0,0,0,0,0,0,0,0,0,0,0,0,0,0,0,0,0,0,0,0,0,0,0,0,0,0,0,0,0,0,0,0,0,0,0,0,0,0,0,0,2.899,0,0,0,5.797,0,0,0,0,0,0,4.348,0,0,0,5.797,0,0,5.797,0,0,0,0,0,0,0,0,0,0,0,0,0,0,0,0,0,0,0,0,0,0,0,0,0,0,0,0,0,0,0,0,0,0,0,0,0,0,0,0,0,0,0,0,0,0
puriya_dhanashri,975,0.145,0,0.138,0.175,0,0,0.167,0.109,0,0.138,0.124,0,68.0019,3.72765,8.36981,4.24314,128.397,2.07722,0.490942,29.81,21.7,21.7,Y,26.79,puriya_dhanashri.txt.deg.degree,6.107,0,0,0,1.527,0,0,0,0,0,0,0,0,0,0,0,2.29,0,3.817,0,0,0,0,0,0,0,0,0,0,0,0,0,0,0,0,0,0,0,0,0,0,0,0,0,0,0,0,0,0,0,0,0,0,0,0,0,0,0,0,0,0,0,0,0,0,0,0,0,0,0,0,0,0,0,0,0,0,0,0,0,0,0,0,0,0,3.053,0,0,0,0,0,6.107,0,0,0,0,1.527,0,0,0,0,0.763,0,2.29,0,0,0,0,0,0,0,0,0,0,0,0,0,0,0,0,0,0,0,0,0,0,0,0.763,0,0,0,6.87,0,2.29,0,0,0,0,6.107,0,0,0,0,0.763,0,0.763,0,0,0,0,0,0,0,0,0,0,0,0,0,0,0,0,0,0,0,0,0,0,0,0,0,0,0,0,0,0,0,0,0,0,0,0,0,0,0,0,0,0,0,0,0,0,0,0,0,0,0,0,0,0,0,0,0,0,0,0,0,0,0,0,0,0,0,0,0,0,0,0,0,0,0,0,0,0,0,0,0,0,0,0,0,0,0,0,0,0,0,0,9.16,0,0,0,0,0,3.053,0,0,0,5.344,0,0,0,0,0,0,0,0,0,0,0,0,0,0,0,6.87,3.053,0,0,0,0.763,0,0,0,0,0,0,0,0,0,0,0,0,0,0,0,0,0,0,0,0,0,0,0,0,0,0,0,0,0,0,0,0,0,0,0,0,0,0,0,0,0,0,0,0,0,0,0,0,0,0,0,0,0,0,0,0,0,0,0,0,0,0,0,0,0,0,0,0,2.29,0,0,0,0.763,0,0,0,0,0,0,2.29,4.58,0,0,0,0,0,3.817,0,0,0,0,0,0,0,0,0,0,0,0,0,0,0,0,0,0,0,0,0,0,0,2.29,0,0,0,4.58,0,0,0,0,0,0,0.763,0,0,0,0,3.817,0,1.527,0,0,0,0,0,0,0,0,0,0,0,0,0,0,0,0,0,0,0,0,0,0,0,0,0,0,0,0,0,0,0,0,0,0,0,0,0,0,0,0,0,0,0,0,0,0
puriya_kalyan,960,0.132,0,0.168,0.216,0,0,0.132,0.036,0.096,0,0.216,0,65.27,4.08937,8.80105,4.2549,131.25,2.3674,0.403955,29.32,19.02,19.02,Y,32.64,puriya_kalyan.txt.deg.degree,5.195,0,0,0,1.299,0,0,0,0,0,0,0,0,0,0,0,0,0,5.195,0,0,0,0,0,0,0,0,0,0,0,0,0,0,0,0,0,0,0,0,0,0,0,0,0,0,0,0,0,0,0,0,0,0,0,0,0,0,0,0,0,0,0,0,0,0,0,0,0,0,0,0,0,0,0,0,0,0,0,0,0,0,0,0,0,0,3.896,0,0,0,1.299,0,6.494,0,0,0,0,1.299,0,0,0,0,0,0,3.896,0,0,0,0,0,0,0,0,0,0,0,0,0,0,0,0,0,0,0,0,0,0,0,0,0,0,0,6.494,0,7.792,0,0,0,0,6.494,0,0,0,0,0,0,1.299,0,0,0,0,0,0,0,0,0,0,0,0,0,0,0,0,0,0,0,0,0,0,0,0,0,0,0,0,0,0,0,0,0,0,0,0,0,0,0,0,0,0,0,0,0,0,0,0,0,0,0,0,0,0,0,0,0,0,0,0,0,0,0,0,0,0,0,0,0,0,0,0,0,0,0,0,0,0,0,0,0,0,0,0,0,0,1.299,0,0,0,0,0,7.792,0,0,0,0,0,0,0,0,5.195,0,0,0,0,0,0,0,0,0,0,0,0,0,0,0,0,2.597,0,0,0,0,0,0,0,0,0,0,0,0,0,0,0,0,0,0,0,0,0,0,0,0,0,0,0,0,0,0,0,0,0,0,0,0,0,0,0,0,0,0,0,0,0,0,0,0,0,0,0,0,0,0,0,0,0,0,0,0,0,0,2.597,1.299,0,0,0,0,0,5.195,0,0,0,0,0,0,0,0,0,0,0,0,0,0,0,0,0,0,0,0,0,0,0,0,0,0,0,0,0,0,0,0,0,0,0,0,0,0,0,0,0,0,0,0,0,2.597,0,0,0,7.792,0,0,0,0,0,0,1.299,1.299,0,0,3.896,0,0,6.494,0,0,0,0,0,0,0,0,0,0,0,0,0,0,0,0,0,0,0,0,0,0,0,0,0,0,0,0,0,0,0,0,0,0,0,0,0,0,0,0,0,0,0,0,0,0
purvi,810,0.057,0,0.202,0.26,0,0.188,0,0.086,0,0.057,0.144,0,63.61,4.57748,10.179,4.63185,134.67,2.12378,0.422646,24.61,21.01,21.01,Y,33.39,purvi.txt.deg.degree,1.587,0,0,0,0,0,0,0,0,0,0,0,0,0,0,0,0,0,1.587,0,0,0,0,0,0,0,0,0,0,0,0,0,0,0,0,0,0,0,0,0,0,0,0,0,0,0,0,0,0,0,0,0,0,0,0,0,0,0,0,0,0,0,0,0,0,0,0,0,0,0,0,0,0,0,0,0,0,0,0,0,0,0,0,0,0,1.587,0,0,0,1.587,0,14.286,0,0,1.587,0,0,0,0,0,0,0,0,1.587,0,0,0,0,0,0,0,0,0,0,0,0,0,0,0,0,0,0,0,0,0,0,0,0,0,0,0,9.524,0,0,0,0,11.111,0,0,1.587,0,0,0,0,0,4.762,0,0,0,0,0,0,0,0,0,0,0,0,0,0,0,0,0,0,0,0,0,0,0,0,0,0,0,0,0,0,0,0,0,0,0,0,0,0,0,0,0,0,0,0,0,0,0,0,1.587,0,11.111,0,0,3.175,0,0,1.587,0,0,0,3.175,0,0,0,0,0,0,0,0,0,0,0,0,0,0,0,0,0,0,0,0,0,0,0,0,0,0,0,0,0,0,0,0,0,0,0,0,0,0,0,0,0,0,0,0,0,0,0,0,0,0,0,0,1.587,0,0,4.762,0,0,1.587,0,0,0,0,0,0,0,0,0,0,0,0,0,0,0,0,0,0,0,0,0,0,0,0,0,0,0,0,0,0,0,0,0,0,0,0,0,0,0,0,0,0,0,0,0,0,0,0,0,0,0,0,0,0,0,0,0,0,0,0,0,0,0,0,0,0,0,0,0,0,0,0,0,0,0,0,0,0,0,0,0,0,0,0,3.175,0,0,0,0,0,1.587,0,0,0,0,0,0,0,0,0,0,0,0,0,0,0,0,0,0,0,0,0,0,0,1.587,0,0,0,7.937,0,0,0,0,0,0,0,0,0,0,0,1.587,0,4.762,0,0,0,0,0,0,0,0,0,0,0,0,0,0,0,0,0,0,0,0,0,0,0,0,0,0,0,0,0,0,0,0,0,0,0,0,0,0,0,0,0,0,0,0,0,0
rageshri,1200,0.164,0.067,0,0.193,0,0.188,0,0,0.178,0,0,0.207,65.3948,3.85913,8.5015,4.17729,125.284,3.2672,0.52503,29.69,20.06,20.06,Y,30.19,rageshri.txt.deg.degree,2.97,0,0,0.99,0,0,4.95,0,0,0.495,0,0,0,0,0,1.98,0,0,0,4.455,0,0,0,0,0,0,0,0,0,0,0,0,0,0,0,0,0,0,0,0,0,0,0,0,0,0,0,0,0,0,0,0,0,0,0,0,0,0,0,0,0,0,0,0,2.97,0,0,0.99,0,0,0.495,0,0,0,0,0,0,0,0,0,0,0,0,1.485,0,0,0,0,0,0,0,0,0,0,0,0,0,0,0,0,0,0,0,0,0,0,0,0,0,0,0,0,0,0,0,0,0,0,0,0,0,0,0,0,0,0,0,0.495,0,0,3.465,0,0,3.465,0,0,11.881,0,0,0,0,0,0,0,0,0,0,0,0,0,0,0,0,0,0,0,0,0,0,0,0,0,0,0,0,0,0,0,0,0,0,0,0,0,0,0,0,0,0,0,0,0,0,0,0,0,0,0,0,0,2.475,0,0,0,0,0,8.416,0,0,2.475,0,0,0,0,0,3.96,0,0,0,1.98,0,0,0,0,0,0,0,0,0,0,0,0,0,0,0,0,0,0,0,0,0,0,0,0,0,0,0,0,0,0,0,0,0,0,0,0,0,0,0,0,0,0,0,0,0,0,0,0,0,0,0,0,0,0,0,0,0,0,0,0,0,0,0,0,0,0,0,0,0,0,0,0,0,0,0,0,0,0,0,0,0,0,0,0,0,0,0,0,0,0,0,0,0,0,0,0,0,0,0,0,0,0,0,0,0,0,0.495,0,0,0,0,0,1.485,0,0,3.465,0,0,0,0,0,4.455,0,0,0,8.416,0,0,0,0,0,0,0,0,0,0,0,0,0,0,0,0,0,0,0,0,0,0,0,0,0,0,0,0,0,0,0,0,0,0,0,0,0,0,0,0,0,0,0,0,0,0,0,0,0,0,0,0,0,0,0,0,0,0,0,0,0,0,0,0,0,6.931,0,0,0.495,0,0,0.495,0,0,0.495,0,0,0,0,0,7.921,0,0,0,4.95,0,0,0,0,0,0,0,0,0,0,0,0,0,0,0,0,0,0,0,0,0,0,0,0
ramkali,225,0.085,0,0.148,0.212,0,0.234,0.021,0.17,0,0.106,0.021,0,70.7413,4.11041,13.2265,4.68919,127.604,2.11665,0.540957,27.76,22.24,22.24,Y,27.76,ramkali.txt.deg.degree,2.439,0,0,0,2.439,0,0,0,0,0,0,0,0,0,0,0,0,0,2.439,0,0,0,0,0,0,0,0,0,0,0,0,0,0,0,0,0,0,0,0,0,0,0,0,0,0,0,0,0,0,0,0,0,0,0,0,0,0,0,0,0,0,0,0,0,0,0,0,0,0,0,0,0,0,0,0,0,0,0,0,0,0,0,0,0,0,2.439,0,0,0,0,0,4.878,0,0,2.439,0,0,0,0,0,0,0,0,0,0,0,0,0,0,0,0,0,0,0,0,0,0,0,0,0,0,0,0,0,0,0,0,0,0,0,0,4.878,0,4.878,0,0,9.756,0,0,2.439,0,0,0,0,0,0,0,0,0,0,0,0,0,0,0,0,0,0,0,0,0,0,0,0,0,0,0,0,0,0,0,0,0,0,0,0,0,0,0,0,0,0,0,0,0,0,0,0,0,0,0,0,0,0,4.878,0,7.317,0,0,4.878,0,0,7.317,0,0,0,2.439,0,0,0,0,0,0,0,0,0,0,0,0,0,0,0,0,0,0,0,0,0,0,0,0,0,0,0,0,0,0,0,0,0,0,0,0,0,2.439,0,0,0,0,0,0,0,0,0,0,0,0,0,0,2.439,0,0,9.756,0,2.439,2.439,0,0,0,2.439,0,0,0,0,0,0,0,0,0,0,0,0,0,0,0,0,0,0,0,0,0,0,0,0,0,0,0,0,0,0,0,0,0,0,0,0,0,0,0,0,0,0,0,0,0,0,0,0,0,0,0,0,0,0,0,0,0,0,0,0,0,0,0,0,0,0,0,0,0,0,0,0,0,0,0,0,0,0,0,0,4.878,0,0,0,4.878,0,0,0,0,0,0,0,0,0,0,0,0,0,0,0,0,0,0,0,0,0,0,0,0,0,2.439,0,0,0,0,0,0,0,0,0,0,0,0,0,0,0,0,0,0,0,0,0,0,0,0,0,0,0,0,0,0,0,0,0,0,0,0,0,0,0,0,0,0,0,0,0,0,0,0,0,0,0,0,0,0,0,0,0,0,0,0,0,0,0,0
shahana,1305,0.161,0.07,0,0,0.111,0.151,0,0.151,0.151,0,0,0.202,68.4105,3.7333,10.0114,4.14194,116.79,3.00662,0.573139,46.66,19.63,19.63,Y,14.08,shahana.txt.deg.degree,2.591,0,0,3.109,0,0,0,0.518,0,1.554,0,0,0.518,0,0,0.518,0,0,0,6.218,0,0,0,0,0,0,0,0,0,0,0,0,0,0,0,0,0,0,0,0,0,0,0,0,0,0,0,0,0,0,0,0,0,0,0,0,0,0,0,0,0,0,0,0,5.699,0,0,0.518,0,0,0,0.518,0,0,0,0,0,0,0,0,0,0,0,0,0,0,0,0,0,0,0,0,0,0,0,0,0,0,0,0,0,0,0,0,0,0,0,0,0,0,0,0,0,0,0,0,0,0,0,0,0,0,0,0,0,0,0,0,0,0,0,0,0,0,0,0,0,0,0,0,0,0,0,0,0,0,0,0,0,0,0,2.073,0,0,0,2.591,0,6.218,0,0,0,0,0,0,0,0,0,0,0,0,0,0,0,0,0,0,0,0,0,0,0,0,0,0,0,0,0,0,0,0,0,0,0,0,0,0,0,6.736,0,2.073,0,0,2.073,0,0,3.627,0,0,0,1.036,0,0,0,0,0,0,0,0,0,0,0,0,0,0,0,0,0,0,0,0,0,0,0,0,0,0,0,0,0,0,0,0,0,0,0,0,0,0,0,0,0,0,0,2.073,0,0,0,0,0,0,0,0,5.699,0,0,4.663,0,0,1.554,0,0,0,1.554,0,0,0,0,0,0,0,0,0,0,0,0,0,0,0,0,0,0,0,0,0,0,0,0,0,0,0,0,0,0,0,0,0,0,0,0,0,0,0,0,0,0,0,0.518,0,0,0,0,0,0,0.518,0,0,0,0,2.591,0,0,3.109,0,0,0,8.808,0,0,0,0,0,0,0,0,0,0,0,0,0,0,0,0,0,0,0,0,0,0,0,0,0,0,0,0,0,0,0,0,0,0,0,0,0,0,0,0,0,0,0,0,0,0,0,0,0,0,0,0,0,0,0,0,0,0,0,0,0,0,0,0,0,4.145,0,0,1.036,0,0,0,0,0,0,0,0,5.699,0,0,6.736,0,0,0,3.109,0,0,0,0,0,0,0,0,0,0,0,0,0,0,0,0,0,0,0,0,0,0,0,0
shankara,1260,0.14,0.131,0,0.254,0,0,0,0.175,0.078,0,0.219,0,64.1477,4.43851,10.9693,4.54862,146.091,2.04963,0.48155,17.15,22.2,22.2,Y,38.45,shankara.txt.deg.degree,2.752,0,0,0,0,0,1.835,0,0,0,0,0,0.917,0,0,0,0,0,6.422,0,0,0,0,0,0,0,0,0,0,0,0,0,0,0,0,0,0,0,0,0,0,0,0,0,0,0,0,0,0,0,0,0,0,0,0,0,0,0,0,0,0,0,0,0,3.67,0,0,0,0,0,8.257,0,0,0,0,0,0,0,0,0,0,0,0.917,0,0,0,0,0,0,0,0,0,0,0,0,0,0,0,0,0,0,0,0,0,0,0,0,0,0,0,0,0,0,0,0,0,0,0,0,0,0,0,0,0,0,0,0,0,0,0,10.092,0,0,3.67,0,0,0,0,0,11.009,0,0,0,0,0,0.917,0,0,0,0,0,0,0,0,0,0,0,0,0,0,0,0,0,0,0,0,0,0,0,0,0,0,0,0,0,0,0,0,0,0,0,0,0,0,0,0,0,0,0,0,0,0,0,0,0,0,0,0,0,0,0,0,0,0,0,0,0,0,0,0,0,0,0,0,0,0,0,0,0,0,0,0,0,0,0,0,0,0,0,0,0,0,0,0,0,0,0,0,0,0,0,0,0,0,0,0,0,0,0,0,0,0,0,0,0,0,0,0,0,11.927,0,0,0,0,0,2.752,0,0,0,0,0,3.67,0,0,0,0,0,0,0,0,0,0,0,0,0,0,0,0,0,0,0,0,0,0,0,0,0,0,0,0,0,0,0,0,0,0,0,0,0,0,0,0,0,0,0,0,2.752,0,0,0,0,0,0,0,0,0,0,0,3.67,0,0,0,0,0,1.835,0,0,0,0,0,0,0,0,0,0,0,0,0,0,0,0,0,0,0,0,0,0,0,0,0,0,0,0,0,0,0,0,0,0,0,0,0,0,0,0,0,0,0,0,0,2.752,0,0,2.752,0,0,0,0,0,0,0,0,0,0,0,8.257,0,0,9.174,0,0,0,0,0,0,0,0,0,0,0,0,0,0,0,0,0,0,0,0,0,0,0,0,0,0,0,0,0,0,0,0,0,0,0,0,0,0,0,0,0,0,0,0,0,0
shri,810,0.106,0,0.28,0.106,0,0,0.173,0.133,0,0.12,0.08,0,63.3885,4.4325,11.1899,4.6801,127.604,2.0003,0.522695,21.79,23.09,23.28,N,31.84,shri.txt.deg.degree,1.449,0,0,0,5.797,0,0,0,0,0,0,0,0,0,0,0,0,0,0,0,0,0,0,0,0,0,0,0,0,0,0,0,0,0,0,0,0,0,0,0,0,0,0,0,0,0,0,0,0,0,0,0,0,0,0,0,0,0,0,0,0,0,0,0,0,0,0,0,0,0,0,0,0,0,0,0,0,0,0,0,0,0,0,0,0,4.348,0,0,0,11.594,0,2.899,0,0,0,0,2.899,5.797,0,0,0,0,0,1.449,0,0,0,0,0,0,0,0,0,0,0,0,0,0,0,0,0,0,0,0,0,0,0,0,0,0,0,8.696,0,1.449,0,0,0,0,0,0,0,0,0,0,0,0,0,0,0,0,0,0,0,0,0,0,0,0,0,0,0,0,0,0,0,0,0,0,0,0,0,0,0,0,0,0,0,0,0,0,0,0,0,0,0,0,0,0,0,0,0,0,0,0,0,0,0,0,0,0,0,0,0,0,0,0,0,0,0,0,0,0,0,0,0,0,0,0,0,0,0,0,0,0,0,0,0,0,0,0,0,0,0,0,0,0,0,0,4.348,0,0,0,0,5.797,4.348,0,0,0,4.348,0,0,0,0,0,0,0,0,2.899,0,1.449,0,0,0,0,4.348,2.899,0,0,0,1.449,0,1.449,0,0,0,0,0,0,0,0,0,0,0,0,0,0,0,0,0,0,0,0,0,0,0,0,0,0,0,0,0,0,0,0,0,0,0,0,0,0,0,0,0,0,0,0,0,0,0,0,0,0,0,0,0,0,0,0,0,0,0,0,0,0,0,0,0,0,0,0,0,0,0,0,0,0,0,0,0,5.797,1.449,0,0,0,2.899,0,1.449,0,0,0,0,0,0,0,0,0,0,0,0,0,0,0,0,0,0,0,0,0,0,0,1.449,0,0,0,0,0,0,0,0,0,0,0,0,0,0,0,2.899,0,4.348,0,0,0,0,0,0,0,0,0,0,0,0,0,0,0,0,0,0,0,0,0,0,0,0,0,0,0,0,0,0,0,0,0,0,0,0,0,0,0,0,0,0,0,0,0,0
shuddh_kalyan,1020,0.22,0.229,0,0.27,0,0.004,0.018,0.117,0.121,0,0.018,0,65.7425,3.84281,9.98874,4.25738,134.233,2.63184,0.662975,32.54,19.77,19.77,Y,27.91,shuddh_kalyan.txt.deg.degree,6.047,0,0,3.256,0,0,2.326,0,0,0,0,0,0.93,0,0,7.442,0,0,1.395,0,0,0,0,0,0,0,0,0,0,0,0,0,0,0,0,0,0,0,0,0,0,0,0,0,0,0,0,0,0,0,0,0,0,0,0,0,0,0,0,0,0,0,0,0,5.581,0,0,4.651,0,0,10.698,0,0,0,0,0,2.326,0,0,0,0,0,0,0,0,0,0,0,0,0,0,0,0,0,0,0,0,0,0,0,0,0,0,0,0,0,0,0,0,0,0,0,0,0,0,0,0,0,0,0,0,0,0,0,0,0,0,2.326,0,0,13.953,0,0,6.047,0,0,0,0,0,3.256,0,0,0.93,0,0,0.465,0,0,0,0,0,0,0,0,0,0,0,0,0,0,0,0,0,0,0,0,0,0,0,0,0,0,0,0,0,0,0,0,0,0,0,0,0,0,0,0,0,0,0,0,0,0,0,0,0,0,0,0,0,0,0,0,0,0,0,0,0,0,0,0,0,0,0,0,0,0,0,0,0,0,0,0,0,0,0,0,0,0,0,0,0,0,0,0,0,0,0,0,0,0,0,0,0,0,0.93,0,0,0.93,0,0,0,0,0,0.93,0,0,0,0,0,6.047,0,0,0,0,1.86,2.326,0,0,0.93,0,0,0,0,0,0,0,0,0,0,0,0,0,0,0,0,0,0,0,0,0,0,0,0,0,0,0,0,0,0,0,0,0,0,0,0,0,0,0,0,0,0,0,0,0,0,0,6.047,0,0,0,0,0,1.86,0,0,0,0,0,2.326,0,0,2.326,0,0,0,0,0,0,0,0,0,0,0,0,0,0,0,0,0,0,0,0,0,0,0,0,0,0,0,0,0,0,0,0,0,0,0,0,0,0,0,0,0,0,0,0,0,0,0,0,0.465,0,0,1.395,0,0,0,0,0,0,0,0,0,0,0,0,0,0,0,0,0,0,0,0,0,0,0,0,0,0,0,0,0,0,0,0,0,0,0,0,0,0,0,0,0,0,0,0,0,0,0,0,0,0,0,0,0,0,0,0,0,0,0,0,0
shuddh_sarang,570,0.195,0.195,0,0.021,0,0.282,0,0.108,0.043,0,0.152,0,71.3727,4.05158,11.2993,4.59947,127.999,1.95945,0.540301,44.55,20.19,20.19,Y,15.08,shuddh_sarang.txt.deg.degree,4.878,0,0,0,0,0,0,0,0,2.439,0,0,0,0,0,0,0,0,7.317,0,0,0,0,0,0,0,0,0,0,0,0,0,0,0,0,0,0,0,0,0,0,0,0,0,0,0,0,0,0,0,0,0,0,0,0,0,0,0,0,0,0,0,0,0,4.878,0,0,4.878,0,0,0,0,0,7.317,0,0,0,0,0,0,0,0,2.439,0,0,0,0,0,0,0,0,0,0,0,0,0,0,0,0,0,0,0,0,0,0,0,0,0,0,0,0,0,0,0,0,0,0,0,0,0,0,0,0,0,0,0,0,0,0,0,0,0,0,0,0,0,0,0,0,0,0,0,0,0,0,0,0,0,0,0,0,0,0,0,0,0,0,0,0,0,0,0,0,0,0,0,0,0,0,0,0,0,0,0,0,0,0,0,0,0,0,0,0,0,0,0,0,0,0,0,0,0,0,9.756,0,0,0,0,0,14.634,0,0,7.317,0,0,0,0,0,0,0,0,0,0,0,0,0,0,0,0,0,0,0,0,0,0,0,0,0,0,0,0,0,0,0,0,0,0,0,0,0,0,0,0,0,0,0,0,0,0,0,0,0,0,0,0,0,2.439,0,0,0,0,0,4.878,0,0,2.439,0,0,0,0,0,2.439,0,0,0,0,0,0,0,0,0,0,0,0,0,0,0,0,0,0,0,0,0,0,0,0,0,0,0,0,0,0,0,0,0,0,0,0,0,0,0,0,0,0,0,0,2.439,0,0,0,0,0,0,0,0,0,0,0,2.439,0,0,0,0,0,0,0,0,0,0,0,0,0,0,0,0,0,0,0,0,0,0,0,0,0,0,0,0,0,0,0,0,0,0,0,0,0,0,0,0,0,0,0,0,0,0,0,0,0,0,0,4.878,0,0,2.439,0,0,0,0,0,0,0,0,0,0,0,4.878,0,0,4.878,0,0,0,0,0,0,0,0,0,0,0,0,0,0,0,0,0,0,0,0,0,0,0,0,0,0,0,0,0,0,0,0,0,0,0,0,0,0,0,0,0,0,0,0,0,0
shyam_kalyan,1020,0.126,0.139,0,0.151,0,0.202,0,0.189,0.088,0,0.101,0,66.0622,4.44765,9.16869,4.55398,154.268,2.88453,0.388741,19.6,15.2,15.2,Y,50,shyam_kalyan.txt.deg.degree,2.703,0,0,4.054,0,0,0,0,0,1.351,0,0,0,0,0,0,0,0,1.351,0,0,0,0,0,0,0,0,0,0,0,0,0,0,0,0,0,0,0,0,0,0,0,0,0,0,0,0,0,0,0,0,0,0,0,0,0,0,0,0,0,0,0,0,0,4.054,0,0,1.351,0,0,0,0,0,5.405,0,0,0,0,0,0,0,0,2.703,0,0,0,0,0,0,0,0,0,0,0,0,0,0,0,0,0,0,0,0,0,0,0,0,0,0,0,0,0,0,0,0,0,0,0,0,0,0,0,0,0,0,0,0,0,0,0,1.351,0,0,5.405,0,0,8.108,0,0,0,0,0,0,0,0,0,0,0,0,0,0,0,0,0,0,0,0,0,0,0,0,0,0,0,0,0,0,0,0,0,0,0,0,0,0,0,0,0,0,0,0,0,0,0,0,0,0,0,0,0,0,0,0,2.703,0,0,6.757,0,0,5.405,0,0,5.405,0,0,1.351,0,0,0,0,0,0,0,0,0,0,0,0,0,0,0,0,0,0,0,0,0,0,0,0,0,0,0,0,0,0,0,0,0,0,0,0,0,0,0,0,0,0,0,0,0,0,0,0,0,0,2.703,0,0,2.703,0,0,1.351,0,0,12.162,0,0,1.351,0,0,0,0,0,0,0,0,0,0,0,0,0,0,0,0,0,0,0,0,0,0,0,0,0,0,0,0,0,0,0,0,0,0,0,0,0,0,0,0,0,0,0,0,0,0,0,0,0,0,0,0,0,0,0,0,0,0,0,1.351,0,0,4.054,0,0,4.054,0,0,0,0,0,0,0,0,0,0,0,0,0,0,0,0,0,0,0,0,0,0,0,0,0,0,0,0,0,0,0,0,0,0,0,0,0,0,0,0,0,0,0,0,0,2.703,0,0,1.351,0,0,0,0,0,0,0,0,1.351,0,0,2.703,0,0,2.703,0,0,0,0,0,0,0,0,0,0,0,0,0,0,0,0,0,0,0,0,0,0,0,0,0,0,0,0,0,0,0,0,0,0,0,0,0,0,0,0,0,0,0,0,0,0
sohini,1410,0.191,0,0.089,0.168,0,0,0.224,0,0.179,0,0.146,0,64.944,4.40342,9.90958,4.52691,134.233,2.04082,0.440018,18.99,18.99,18.99,Y,43.04,sohini.txt.deg.degree,7.229,0,0,0,2.41,0,2.41,0,0,0,0,1.205,0,0,0,0,0,0,3.614,0,0,0,0,0,0,0,0,0,0,0,0,0,0,0,0,0,0,0,0,0,0,0,0,0,0,0,0,0,0,0,0,0,0,0,0,0,0,0,0,0,0,0,0,0,0,0,0,0,0,0,0,0,0,0,0,0,0,0,0,0,0,0,0,0,0,7.229,0,0,0,0,0,1.205,0,0,0,0,0,0,0,0,0,0,0,0,0,0,0,0,0,0,0,0,0,0,0,0,0,0,0,0,0,0,0,0,0,0,0,0,0,0,0,3.614,0,3.614,0,0,0,0,9.639,0,0,0,0,0,0,0,0,0,0,0,0,0,0,0,0,0,0,0,0,0,0,0,0,0,0,0,0,0,0,0,0,0,0,0,0,0,0,0,0,0,0,0,0,0,0,0,0,0,0,0,0,0,0,0,0,0,0,0,0,0,0,0,0,0,0,0,0,0,0,0,0,0,0,0,0,0,0,0,0,0,0,0,0,0,0,0,0,0,0,0,0,0,0,0,0,0,0,0,9.639,0,0,0,0,4.819,0,0,0,7.229,0,0,2.41,0,0,0,0,0,0,0,0,0,0,0,0,0,0,0,0,0,0,0,0,0,0,0,0,0,0,0,0,0,0,0,0,0,0,0,0,0,0,0,0,0,0,0,0,0,0,0,0,0,0,0,0,0,0,0,0,0,0,0,0,0,0,0,0,0,0,0,0,0,0,0,0,0,0,0,0,8.434,0,0,0,1.205,0,0,8.434,0,0,0,0,0,0,0,0,0,0,0,0,0,0,0,0,0,0,0,0,0,0,0,0,0,0,0,0,0,0,0,0,0,0,0,0,0,0,0,0,0,0,0,0,0,2.41,0,0,0,2.41,0,0,0,0,0,0,0,0,0,0,9.639,0,0,1.205,0,0,0,0,0,0,0,0,0,0,0,0,0,0,0,0,0,0,0,0,0,0,0,0,0,0,0,0,0,0,0,0,0,0,0,0,0,0,0,0,0,0,0,0,0,0
tilak_kamod,1125,0.279,0.162,0,0.186,0,0.116,0,0.139,0.023,0,0.093,0,70.4605,4.34368,12.8182,4.66375,130.012,2.41899,0.469109,48.82,16.84,16.84,Y,17.51,tilak_kamod.txt.deg.degree,13.158,0,0,0,0,0,7.895,0,0,2.632,0,0,0,0,0,0,0,0,2.632,0,0,0,0,0,0,0,0,0,0,0,0,0,0,0,0,0,0,0,0,0,0,0,0,0,0,0,0,0,0,0,0,0,0,0,0,0,0,0,0,0,0,0,0,0,5.263,0,0,0,0,0,7.895,0,0,0,0,0,2.632,0,0,0,0,0,0,0,0,0,0,0,0,0,0,0,0,0,0,0,0,0,0,0,0,0,0,0,0,0,0,0,0,0,0,0,0,0,0,0,0,0,0,0,0,0,0,0,0,0,0,5.263,0,0,13.158,0,0,0,0,0,0,0,0,0,0,0,0,0,0,0,0,0,0,0,0,0,0,0,0,0,0,0,0,0,0,0,0,0,0,0,0,0,0,0,0,0,0,0,0,0,0,0,0,0,0,0,0,0,0,0,0,0,0,0,0,0,0,2.632,0,0,2.632,0,0,2.632,0,0,0,0,0,0,0,0,2.632,0,0,0,0,0,0,0,0,0,0,0,0,0,0,0,0,0,0,0,0,0,0,0,0,0,0,0,0,0,0,0,0,0,0,0,0,0,0,0,0,0,0,0,0,2.632,0,0,0,0,0,0,0,0,2.632,0,0,5.263,0,0,2.632,0,0,2.632,0,0,0,0,0,0,0,0,0,0,0,0,0,0,0,0,0,0,0,0,0,0,0,0,0,0,0,0,0,0,0,0,0,0,0,0,0,0,0,0,0,0,0,0,0,0,0,0,0,0,0,0,0,2.632,0,0,0,0,0,0,0,0,0,0,0,0,0,0,0,0,0,0,0,0,0,0,0,0,0,0,0,0,0,0,0,0,0,0,0,0,0,0,0,0,0,0,0,0,0,0,0,0,0,0,0,0,0,0,2.632,0,0,0,0,0,0,0,0,0,0,0,5.263,0,0,0,0,0,2.632,0,0,0,0,0,0,0,0,0,0,0,0,0,0,0,0,0,0,0,0,0,0,0,0,0,0,0,0,0,0,0,0,0,0,0,0,0,0,0,0,0,0,0,0,0,0
tilang,1200,0.137,0.034,0,0.275,0,0.172,0,0.206,0,0,0.172,0,71.7881,4.04613,12.61,4.54715,127.999,2.28002,0.509461,40.54,19.88,19.88,Y,19.69,tilang.txt.deg.degree,0,0,0,0,0,0,4.167,0,0,0,0,0,4.167,0,0,0,0,0,0,0,0,0,0,0,0,0,0,0,0,0,0,0,0,0,0,0,0,0,0,0,0,0,0,0,0,0,0,0,0,0,0,0,0,0,0,0,0,0,0,0,0,0,0,0,0,0,0,0,0,0,0,0,0,0,0,0,0,0,0,0,0,0,0,0,0,0,0,0,0,0,0,0,0,0,0,0,0,0,0,0,0,0,0,0,0,0,0,0,0,0,0,0,0,0,0,0,0,0,0,0,0,0,0,0,0,0,0,4.167,0,0,0,0,0,12.5,0,0,8.333,0,0,4.167,0,0,0,0,0,0,0,0,0,0,0,0,0,0,0,0,0,0,0,0,0,0,0,0,0,0,0,0,0,0,0,0,0,0,0,0,0,0,0,0,0,0,0,0,0,0,0,0,0,0,0,0,0,0,0,0,8.333,0,0,0,0,0,8.333,0,0,0,0,0,4.167,0,0,0,0,0,0,0,0,0,0,0,0,0,0,0,0,0,0,0,0,0,0,0,0,0,0,0,0,0,0,0,0,0,0,0,0,0,0,0,0,0,0,0,0,0,0,0,0,0,0,4.167,0,0,12.5,0,0,0,0,0,0,0,0,8.333,0,0,0,0,0,0,0,0,0,0,0,0,0,0,0,0,0,0,0,0,0,0,0,0,0,0,0,0,0,0,0,0,0,0,0,0,0,0,0,0,0,0,0,0,0,0,0,0,0,0,0,0,0,0,0,0,0,0,0,0,0,0,0,0,0,0,0,0,0,0,0,0,0,0,0,0,0,0,0,0,0,0,0,0,0,0,0,0,0,0,0,0,0,0,0,0,0,0,0,0,0,0,0,0,0,0,0,0,4.167,0,0,0,0,0,0,0,0,0,0,0,8.333,0,0,0,0,0,4.167,0,0,0,0,0,0,0,0,0,0,0,0,0,0,0,0,0,0,0,0,0,0,0,0,0,0,0,0,0,0,0,0,0,0,0,0,0,0,0,0,0,0,0,0,0,0
yaman,990,0.083,0.166,0,0.194,0,0,0.194,0.027,0.166,0,0.166,0,70.4447,4.39174,12.5524,4.68817,127.999,2.2443,0.545674,43.35,19.56,19.56,Y,17.54,yaman.txt.deg.degree,0,0,0,0,0,0,0,0,0,0,0,0,0,0,0,0,0,0,3.226,0,0,0,0,0,0,0,0,0,0,0,0,0,0,0,0,0,0,0,0,0,0,0,0,0,0,0,0,0,0,0,0,0,0,0,0,0,0,0,0,0,0,0,0,0,3.226,0,0,0,0,0,9.677,0,0,0,0,0,0,0,0,0,0,0,3.226,0,0,0,0,0,0,0,0,0,0,0,0,0,0,0,0,0,0,0,0,0,0,0,0,0,0,0,0,0,0,0,0,0,0,0,0,0,0,0,0,0,0,0,0,0,0,0,12.903,0,0,0,0,0,0,0,6.452,0,0,0,0,0,0,0,0,0,0,0,0,0,0,0,0,0,0,0,0,0,0,0,0,0,0,0,0,0,0,0,0,0,0,0,0,0,0,0,0,0,0,0,0,0,0,0,0,0,0,0,0,0,0,0,0,0,0,0,0,0,0,0,0,0,0,0,0,0,0,0,0,0,0,0,0,0,0,0,0,0,0,0,0,0,0,0,0,0,0,0,0,0,0,0,0,0,0,0,6.452,0,0,0,0,6.452,0,0,0,6.452,0,0,0,0,0,0,0,0,0,0,0,0,0,0,0,0,3.226,0,0,0,0,0,0,0,0,0,0,0,0,0,0,0,0,0,0,0,0,0,0,0,0,0,0,0,0,0,0,0,0,0,0,0,0,0,0,0,0,0,0,0,0,0,0,0,0,0,0,0,0,0,0,0,0,0,0,0,0,0,0,3.226,3.226,0,0,3.226,0,0,9.677,0,0,0,0,0,0,0,0,0,0,0,0,0,0,0,0,0,0,0,0,0,0,0,0,0,0,0,0,0,0,0,0,0,0,0,0,0,0,0,0,0,0,0,0,0,3.226,0,0,3.226,0,0,3.226,0,0,0,0,0,0,0,0,9.677,0,0,0,0,0,0,0,0,0,0,0,0,0,0,0,0,0,0,0,0,0,0,0,0,0,0,0,0,0,0,0,0,0,0,0,0,0,0,0,0,0,0,0,0,0,0,0,0,0